WARD,PRECINCT,JOINID,Emanuel_M15,Wilson_M15,Fioretti_M15,Garcia_M15,Walls_M15
10,1,C10001,108,42,3,80,7
10,2,C10002,139,9,57,113,2
10,3,C10003,144,9,38,110,3
10,4,C10004,70,17,9,90,5
10,5,C10005,118,10,34,89,2
10,6,C10006,96,4,29,109,1
10,7,C10007,76,7,8,103,3
10,8,C10008,52,25,1,47,4
10,9,C10009,140,10,54,131,1
10,10,C10010,117,3,34,182,1
10,11,C10011,102,4,24,208,2
10,12,C10012,81,3,20,90,1
10,13,C10013,114,14,11,153,4
10,14,C10014,139,4,26,254,0
10,15,C10015,184,126,24,112,31
10,16,C10016,91,3,29,80,2
10,17,C10017,195,12,61,158,3
10,18,C10018,48,16,1,76,2
10,19,C10019,117,8,41,165,7
10,20,C10020,165,11,23,134,5
10,21,C10021,103,8,24,179,3
10,22,C10022,43,3,6,102,0
10,23,C10023,91,4,16,165,0
10,24,C10024,153,13,54,125,4
10,25,C10025,24,8,4,40,3
10,26,C10026,60,10,8,98,0
10,27,C10027,66,42,7,112,5
10,28,C10028,113,7,26,213,0
10,29,C10029,87,9,19,127,3
10,30,C10030,76,4,11,153,2
10,31,C10031,64,4,11,133,2
10,32,C10032,115,3,20,143,1
10,33,C10033,62,5,21,115,3
10,34,C10034,67,8,4,77,2
10,35,C10035,135,4,56,204,1
10,36,C10036,31,13,2,31,1
11,1,C11001,158,7,49,101,5
11,2,C11002,13,8,3,4,4
11,3,C11003,47,4,10,135,1
11,4,C11004,109,7,40,124,2
11,5,C11005,92,16,35,129,2
11,6,C11006,125,4,30,89,1
11,7,C11007,76,19,19,66,3
11,8,C11008,107,8,35,95,4
11,9,C11009,101,4,50,94,2
11,10,C11010,135,4,48,88,1
11,11,C11011,129,9,48,107,5
11,12,C11012,262,6,114,181,4
11,13,C11013,239,9,81,147,2
11,14,C11014,92,9,33,39,3
11,15,C11015,80,4,14,26,2
11,16,C11016,103,7,39,69,3
11,17,C11017,119,6,47,110,6
11,18,C11018,157,2,40,64,2
11,19,C11019,147,12,39,139,0
11,20,C11020,129,2,39,62,0
11,21,C11021,244,15,64,142,2
11,22,C11022,185,7,67,121,7
11,23,C11023,127,3,25,45,0
11,24,C11024,261,7,87,102,1
11,25,C11025,142,2,35,112,3
11,26,C11026,208,14,51,129,1
11,27,C11027,44,3,12,40,2
11,28,C11028,100,4,22,49,2
11,29,C11029,194,13,61,117,3
11,30,C11030,91,1,13,37,0
11,31,C11031,175,6,49,99,2
11,32,C11032,105,1,52,31,0
11,33,C11033,114,8,22,66,0
11,34,C11034,71,6,16,30,1
11,35,C11035,79,8,18,23,2
11,36,C11036,59,4,24,46,3
11,37,C11037,65,2,7,20,4
11,38,C11038,27,2,2,62,0
12,1,C12001,84,3,19,175,2
12,2,C12002,56,2,8,116,2
12,3,C12003,67,5,20,207,3
12,4,C12004,73,2,10,156,1
12,5,C12005,79,9,23,114,3
12,6,C12006,61,9,11,142,3
12,7,C12007,34,3,2,154,0
12,8,C12008,89,9,12,137,3
12,9,C12009,58,4,13,122,1
12,10,C12010,39,3,4,148,5
12,11,C12011,51,2,9,154,1
12,12,C12012,58,3,11,118,1
12,13,C12013,49,2,13,152,3
12,14,C12014,29,4,1,142,1
12,15,C12015,56,15,6,132,4
12,16,C12016,33,1,0,140,2
12,17,C12017,52,4,10,164,1
12,18,C12018,41,1,10,132,0
12,19,C12019,59,2,9,146,1
12,20,C12020,57,4,9,161,1
12,21,C12021,58,3,16,153,2
12,22,C12022,32,3,4,126,0
12,23,C12023,69,3,21,144,1
13,1,C13001,137,2,24,71,1
13,2,C13002,150,5,31,72,2
13,3,C13003,54,2,6,70,1
13,4,C13004,152,7,43,88,2
13,5,C13005,134,1,14,120,3
13,6,C13006,154,3,39,79,0
13,7,C13007,113,1,6,68,0
13,8,C13008,99,1,28,74,0
13,9,C13009,101,2,13,79,1
13,10,C13010,131,4,36,88,1
13,11,C13011,161,5,28,103,0
13,12,C13012,81,7,8,92,1
13,13,C13013,109,2,17,102,0
13,14,C13014,96,3,18,87,4
13,15,C13015,163,1,23,153,3
13,16,C13016,80,1,8,66,2
13,17,C13017,107,7,32,79,0
13,18,C13018,104,5,23,71,1
13,19,C13019,103,9,3,111,0
13,20,C13020,82,4,29,49,1
13,21,C13021,168,7,65,74,4
13,22,C13022,146,5,41,70,2
13,23,C13023,79,3,12,69,2
13,24,C13024,112,11,15,69,3
13,25,C13025,130,0,21,86,2
13,26,C13026,170,5,18,69,1
13,27,C13027,116,7,22,66,3
13,28,C13028,71,3,16,89,2
13,29,C13029,78,2,12,92,0
13,30,C13030,79,0,8,69,0
13,31,C13031,130,5,46,88,2
13,32,C13032,140,4,30,75,0
13,33,C13033,117,7,30,80,1
13,34,C13034,142,4,18,112,0
13,35,C13035,93,1,14,102,1
13,36,C13036,66,1,3,61,0
13,37,C13037,155,18,10,93,6
13,38,C13038,112,6,33,91,0
13,39,C13039,90,3,10,126,0
13,40,C13040,104,8,9,69,0
13,41,C13041,123,1,12,92,3
13,42,C13042,137,7,56,84,0
13,43,C13043,155,2,14,102,2
13,44,C13044,279,9,11,64,0
13,45,C13045,181,9,22,63,4
13,46,C13046,105,2,10,126,1
13,47,C13047,107,3,11,100,3
13,48,C13048,126,5,23,64,2
14,1,C14001,151,5,67,122,3
14,2,C14002,131,3,12,166,2
14,3,C14003,65,0,6,127,1
14,4,C14004,115,4,34,85,3
14,5,C14005,85,5,3,182,1
14,6,C14006,37,1,5,67,1
14,7,C14007,64,4,14,137,0
14,8,C14008,69,6,11,122,1
14,9,C14009,132,7,40,112,4
14,10,C14010,51,1,9,90,3
14,11,C14011,65,1,2,64,1
14,12,C14012,100,6,19,90,1
14,13,C14013,88,0,12,87,1
14,14,C14014,74,3,11,99,1
14,15,C14015,76,2,8,110,0
14,16,C14016,70,5,3,96,0
14,17,C14017,99,0,4,119,0
14,18,C14018,33,2,7,43,1
14,19,C14019,69,5,6,102,1
14,20,C14020,40,3,12,82,0
14,21,C14021,49,5,6,149,1
14,22,C14022,82,6,36,100,5
14,23,C14023,97,6,24,84,2
14,24,C14024,137,11,52,136,0
14,25,C14025,31,1,5,99,0
14,26,C14026,25,2,7,88,0
14,27,C14027,85,4,8,93,3
14,28,C14028,47,3,10,80,1
14,29,C14029,71,2,9,92,0
14,30,C14030,30,2,3,44,0
14,31,C14031,25,2,3,84,0
15,1,C15001,48,1,3,177,0
15,2,C15002,49,51,6,24,10
15,3,C15003,62,55,7,31,6
15,4,C15004,56,1,9,153,1
15,5,C15005,39,7,1,140,0
15,6,C15006,61,3,11,146,2
15,7,C15007,72,64,8,32,12
15,8,C15008,63,1,4,149,1
15,9,C15009,57,3,9,199,4
15,10,C15010,55,8,24,157,0
15,11,C15011,54,4,12,162,0
15,12,C15012,76,1,10,170,1
15,13,C15013,41,3,1,136,0
15,14,C15014,38,1,3,105,0
15,15,C15015,41,5,7,108,0
15,16,C15016,66,12,2,134,1
15,17,C15017,71,52,4,58,9
15,18,C15018,71,49,7,28,8
15,19,C15019,64,23,5,116,9
15,20,C15020,63,57,3,35,8
15,21,C15021,74,40,2,34,10
15,22,C15022,54,73,9,27,14
15,23,C15023,88,34,4,40,11
15,24,C15024,40,51,5,33,14
16,1,C16001,40,2,5,136,1
16,2,C16002,85,50,16,45,3
16,3,C16003,75,55,4,28,6
16,4,C16004,69,48,11,37,7
16,5,C16005,61,45,7,23,11
16,6,C16006,62,60,9,48,9
16,7,C16007,53,44,7,53,9
16,8,C16008,53,26,8,19,11
16,9,C16009,101,54,6,36,13
16,10,C16010,84,59,6,27,9
16,11,C16011,57,31,5,63,4
16,12,C16012,43,39,9,26,12
16,13,C16013,50,15,7,71,2
16,14,C16014,62,48,5,29,9
16,15,C16015,105,50,3,27,10
16,16,C16016,78,69,7,28,9
16,17,C16017,49,33,0,54,10
16,18,C16018,84,37,7,59,8
16,19,C16019,72,41,2,43,9
16,20,C16020,65,49,7,26,8
16,21,C16021,57,52,5,26,6
16,22,C16022,55,41,6,41,2
16,23,C16023,40,15,7,83,2
16,24,C16024,61,28,4,24,14
16,25,C16025,106,64,4,34,14
16,26,C16026,71,57,6,37,7
16,27,C16027,62,53,5,28,12
16,28,C16028,84,63,3,45,16
16,29,C16029,85,40,2,37,9
16,30,C16030,71,60,5,30,9
16,31,C16031,83,94,3,39,7
16,32,C16032,33,21,4,93,2
16,33,C16033,102,65,4,42,8
16,34,C16034,80,64,12,24,8
16,35,C16035,44,23,2,65,9
16,36,C16036,69,46,8,26,6
17,1,C17001,60,34,10,102,9
17,2,C17002,88,45,4,43,20
17,3,C17003,86,62,4,47,17
17,4,C17004,130,67,5,57,13
17,5,C17005,86,55,12,51,5
17,6,C17006,59,44,8,50,10
17,7,C17007,55,23,2,48,8
17,8,C17008,69,63,6,50,14
17,9,C17009,83,72,19,44,11
17,10,C17010,102,50,13,64,19
17,11,C17011,76,55,6,41,14
17,12,C17012,76,37,4,82,4
17,13,C17013,85,59,7,27,13
17,14,C17014,84,31,3,87,2
17,15,C17015,97,68,7,44,13
17,16,C17016,52,30,9,58,7
17,17,C17017,66,47,10,54,11
17,18,C17018,103,77,10,56,23
17,19,C17019,49,45,7,27,8
17,20,C17020,124,75,19,67,16
17,21,C17021,155,74,13,69,24
17,22,C17022,90,54,13,45,12
17,23,C17023,63,48,3,34,7
17,24,C17024,132,91,7,51,12
17,25,C17025,62,44,1,36,9
17,26,C17026,118,81,9,54,22
17,27,C17027,96,58,6,41,11
17,28,C17028,88,45,1,47,18
17,29,C17029,120,70,7,27,16
17,30,C17030,54,25,13,75,7
17,31,C17031,59,42,5,36,3
17,32,C17032,75,60,6,24,10
17,33,C17033,51,58,4,34,7
17,34,C17034,73,51,5,38,10
17,35,C17035,83,59,8,46,14
17,36,C17036,96,68,17,65,12
17,37,C17037,74,54,5,42,11
17,38,C17038,87,85,9,62,16
17,39,C17039,97,66,4,58,9
17,40,C17040,80,71,10,51,16
17,41,C17041,116,70,12,58,19
18,1,C18001,71,29,6,57,17
18,2,C18002,75,16,13,93,4
18,3,C18003,87,20,25,99,7
18,4,C18004,90,67,13,83,23
18,5,C18005,88,61,2,27,6
18,6,C18006,91,12,28,81,5
18,7,C18007,104,62,17,65,17
18,8,C18008,113,61,16,68,22
18,9,C18009,120,46,13,71,30
18,10,C18010,136,60,26,114,19
18,11,C18011,75,20,22,71,8
18,12,C18012,105,64,12,50,15
18,13,C18013,109,63,17,78,23
18,14,C18014,110,45,20,69,10
18,15,C18015,98,23,17,115,7
18,16,C18016,90,46,12,90,23
18,17,C18017,75,45,22,85,14
18,18,C18018,119,65,20,55,15
18,19,C18019,132,53,12,65,15
18,20,C18020,111,51,4,56,13
18,21,C18021,120,45,27,114,32
18,22,C18022,136,76,13,89,30
18,23,C18023,66,35,13,64,14
18,24,C18024,91,7,11,92,4
18,25,C18025,77,9,32,99,1
18,26,C18026,121,74,21,103,24
18,27,C18027,76,47,14,46,7
18,28,C18028,93,15,30,99,5
18,29,C18029,93,38,8,82,3
18,30,C18030,105,4,20,94,4
18,31,C18031,71,45,13,106,18
18,32,C18032,127,55,11,57,22
18,33,C18033,72,69,5,49,15
18,34,C18034,155,76,27,109,12
18,35,C18035,153,51,10,94,23
18,36,C18036,101,24,23,74,9
18,37,C18037,103,43,20,102,24
18,38,C18038,112,50,10,68,22
18,39,C18039,58,31,4,55,16
18,40,C18040,109,23,20,131,9
18,41,C18041,122,54,19,81,22
18,42,C18042,75,38,11,63,11
18,43,C18043,58,7,18,99,1
18,44,C18044,87,11,29,106,2
18,45,C18045,57,22,15,114,7
18,46,C18046,83,9,30,128,4
18,47,C18047,58,44,7,42,8
18,48,C18048,77,53,9,41,10
18,49,C18049,59,38,5,50,9
18,50,C18050,80,41,8,45,8
19,1,C19001,162,6,48,98,2
19,2,C19002,201,44,34,142,12
19,3,C19003,93,11,41,92,3
19,4,C19004,137,11,95,127,3
19,5,C19005,174,28,24,140,9
19,6,C19006,97,8,75,154,1
19,7,C19007,148,11,37,117,3
19,8,C19008,120,10,61,145,1
19,9,C19009,128,4,42,79,2
19,10,C19010,179,25,27,136,12
19,11,C19011,120,15,58,121,4
19,12,C19012,88,6,84,95,0
19,13,C19013,131,60,28,102,32
19,14,C19014,167,22,34,109,10
19,15,C19015,145,8,99,164,7
19,16,C19016,146,5,69,103,0
19,17,C19017,116,7,45,122,1
19,18,C19018,121,13,34,135,3
19,19,C19019,168,29,43,149,7
19,20,C19020,105,18,27,97,9
19,21,C19021,147,25,68,107,3
19,22,C19022,143,27,43,132,2
19,23,C19023,166,11,40,106,3
19,24,C19024,112,7,36,99,0
19,25,C19025,135,28,36,98,10
19,26,C19026,175,23,37,90,3
19,27,C19027,124,32,19,123,12
19,28,C19028,139,65,24,102,16
19,29,C19029,93,8,58,125,6
19,30,C19030,103,4,54,96,0
19,31,C19031,124,9,45,111,5
19,32,C19032,125,7,52,108,1
19,33,C19033,113,9,70,126,3
19,34,C19034,162,8,35,114,5
19,35,C19035,136,15,24,101,5
19,36,C19036,152,38,31,97,26
19,37,C19037,116,25,29,118,9
19,38,C19038,119,23,24,100,16
19,39,C19039,34,17,4,22,3
19,40,C19040,142,18,39,120,7
19,41,C19041,105,6,58,121,0
19,42,C19042,98,29,17,102,10
19,43,C19043,182,69,16,91,18
19,44,C19044,143,6,77,119,1
19,45,C19045,141,4,57,130,3
19,46,C19046,182,10,45,111,1
19,47,C19047,171,47,53,171,16
19,48,C19048,131,69,14,80,17
19,49,C19049,167,47,20,146,21
19,50,C19050,78,9,37,119,3
19,51,C19051,187,12,41,132,2
19,52,C19052,107,9,67,140,1
19,53,C19053,132,12,43,116,7
19,54,C19054,88,6,56,95,2
19,55,C19055,101,7,62,107,2
19,56,C19056,183,29,46,95,13
19,57,C19057,111,28,21,112,10
20,1,C20001,74,37,4,57,10
20,2,C20002,52,28,2,13,11
20,3,C20003,82,33,6,47,6
20,4,C20004,34,27,6,18,6
20,5,C20005,73,67,13,60,11
20,6,C20006,43,24,2,22,5
20,7,C20007,69,43,11,42,11
20,8,C20008,112,60,8,43,11
20,9,C20009,119,56,9,77,17
20,10,C20010,72,39,5,35,12
20,11,C20011,98,61,13,65,17
20,12,C20012,50,34,6,27,5
20,13,C20013,109,77,4,48,10
20,14,C20014,86,42,2,30,9
20,15,C20015,26,5,3,107,5
20,16,C20016,102,51,12,85,9
20,17,C20017,59,25,5,38,6
20,18,C20018,78,47,6,26,14
20,19,C20019,95,62,5,44,18
20,20,C20020,28,16,4,78,0
20,21,C20021,63,46,5,40,9
20,22,C20022,124,49,14,84,22
20,23,C20023,100,70,7,56,16
20,24,C20024,85,37,9,71,12
20,25,C20025,66,62,7,40,16
20,26,C20026,94,41,12,75,15
20,27,C20027,54,51,4,25,9
20,28,C20028,64,51,6,38,8
20,29,C20029,125,98,5,47,19
20,30,C20030,55,25,3,20,9
20,31,C20031,99,65,6,42,9
20,32,C20032,108,64,1,41,10
20,33,C20033,63,28,3,38,4
20,34,C20034,77,49,12,125,9
20,35,C20035,56,39,5,32,8
20,36,C20036,34,29,2,13,2
20,37,C20037,31,18,0,20,11
20,38,C20038,41,23,2,18,5
20,39,C20039,8,14,2,11,2
21,1,C21001,135,49,15,73,19
21,2,C21002,84,52,6,35,6
21,3,C21003,111,75,8,52,17
21,4,C21004,84,68,12,58,19
21,5,C21005,133,72,18,59,22
21,6,C21006,89,63,5,52,20
21,7,C21007,139,69,13,62,15
21,8,C21008,114,73,7,51,15
21,9,C21009,128,72,19,70,25
21,10,C21010,109,70,8,45,17
21,11,C21011,126,64,4,44,17
21,12,C21012,96,67,7,62,13
21,13,C21013,83,48,10,46,15
21,14,C21014,133,85,16,68,18
21,15,C21015,89,41,11,49,16
21,16,C21016,100,60,10,52,13
21,17,C21017,83,46,19,54,14
21,18,C21018,121,61,14,51,25
21,19,C21019,116,67,9,59,19
21,20,C21020,107,44,11,59,19
21,21,C21021,82,66,6,50,10
21,22,C21022,107,66,8,55,21
21,23,C21023,83,76,10,66,13
21,24,C21024,118,65,7,54,10
21,25,C21025,95,62,10,68,23
21,26,C21026,99,53,13,48,10
21,27,C21027,111,55,13,73,15
21,28,C21028,126,91,7,62,23
21,29,C21029,98,61,12,73,22
21,30,C21030,89,42,7,38,15
21,31,C21031,89,45,9,36,15
21,32,C21032,88,66,13,52,22
21,33,C21033,108,65,10,42,12
21,34,C21034,96,54,9,49,27
21,35,C21035,129,57,8,63,17
21,36,C21036,127,62,10,61,19
21,37,C21037,100,58,9,41,21
21,38,C21038,88,44,9,48,11
21,39,C21039,90,39,3,38,18
21,40,C21040,97,40,10,46,17
21,41,C21041,116,61,9,63,25
21,42,C21042,119,60,13,74,23
21,43,C21043,110,61,11,56,18
21,44,C21044,113,50,12,63,17
21,45,C21045,103,68,7,59,16
21,46,C21046,115,54,11,73,19
21,47,C21047,91,60,8,42,18
21,48,C21048,111,67,12,51,11
21,49,C21049,113,66,16,73,13
21,50,C21050,99,45,6,55,16
21,51,C21051,126,80,6,51,20
21,52,C21052,123,60,8,53,20
21,53,C21053,70,43,6,59,17
21,54,C21054,89,61,3,37,18
22,1,C22001,74,40,3,30,9
22,2,C22002,94,7,30,138,2
22,3,C22003,36,0,6,225,1
22,4,C22004,24,0,3,153,1
22,5,C22005,33,1,5,178,0
22,6,C22006,33,4,3,206,0
22,7,C22007,21,1,3,121,1
22,8,C22008,116,8,21,124,3
22,9,C22009,17,1,3,160,1
22,10,C22010,38,6,5,243,1
22,11,C22011,22,2,3,158,1
22,12,C22012,78,13,11,126,3
22,13,C22013,30,2,6,176,0
22,14,C22014,45,14,4,118,3
22,15,C22015,25,0,6,128,0
22,16,C22016,23,1,2,159,0
22,17,C22017,22,2,4,192,0
22,18,C22018,30,1,1,149,1
22,19,C22019,26,29,2,32,2
22,20,C22020,33,1,2,148,0
22,21,C22021,100,49,4,108,12
22,22,C22022,27,2,2,150,2
22,23,C22023,130,92,2,66,22
22,24,C22024,26,1,2,233,0
22,25,C22025,24,2,4,190,3
23,1,C23001,164,7,70,106,4
23,2,C23002,119,4,43,102,1
23,3,C23003,174,10,61,73,1
23,4,C23004,168,5,57,116,0
23,5,C23005,73,5,15,103,0
23,6,C23006,122,4,22,123,0
23,7,C23007,52,0,15,104,1
23,8,C23008,132,13,37,126,3
23,9,C23009,61,4,6,112,0
23,10,C23010,94,4,25,123,5
23,11,C23011,59,2,14,150,0
23,12,C23012,141,11,67,111,5
23,13,C23013,45,5,6,105,0
23,14,C23014,129,11,50,87,1
23,15,C23015,58,11,9,88,1
23,16,C23016,148,3,64,89,1
23,17,C23017,27,12,5,84,2
23,18,C23018,97,2,57,92,2
23,19,C23019,39,9,7,120,1
23,20,C23020,38,2,8,83,0
23,21,C23021,152,10,74,103,0
23,22,C23022,133,5,39,96,2
23,23,C23023,129,8,48,89,2
23,24,C23024,57,10,7,105,0
23,25,C23025,70,5,25,106,0
23,26,C23026,117,6,22,127,2
23,27,C23027,155,4,68,95,1
23,28,C23028,129,9,57,110,1
23,29,C23029,117,3,36,90,1
23,30,C23030,66,5,17,149,0
23,31,C23031,41,5,12,123,1
23,32,C23032,68,6,16,142,1
23,33,C23033,34,7,11,140,0
23,34,C23034,53,4,9,123,3
23,35,C23035,93,2,45,85,3
23,36,C23036,188,2,65,89,1
23,37,C23037,143,9,56,96,2
23,38,C23038,124,7,52,82,1
23,39,C23039,59,1,11,118,3
24,1,C24001,76,73,6,42,7
24,2,C24002,63,73,2,43,15
24,3,C24003,71,46,14,46,10
24,4,C24004,64,62,6,20,8
24,5,C24005,39,36,13,38,7
24,6,C24006,69,69,7,46,15
24,7,C24007,28,6,5,62,1
24,8,C24008,51,38,11,38,6
24,9,C24009,73,46,7,48,7
24,10,C24010,26,28,4,27,8
24,11,C24011,74,64,12,53,9
24,12,C24012,56,39,9,20,2
24,13,C24013,52,39,5,26,6
24,14,C24014,62,68,6,40,9
24,15,C24015,48,35,5,31,7
24,16,C24016,52,17,4,116,3
24,17,C24017,50,57,5,29,12
24,18,C24018,83,82,10,40,18
24,19,C24019,83,70,6,54,8
24,20,C24020,73,65,6,32,7
24,21,C24021,34,39,9,33,7
24,22,C24022,107,84,10,38,15
24,23,C24023,70,44,13,44,7
24,24,C24024,85,86,11,45,13
24,25,C24025,60,68,11,36,13
24,26,C24026,125,81,23,57,19
24,27,C24027,88,59,19,38,7
24,28,C24028,52,54,4,37,16
24,29,C24029,66,40,4,38,12
24,30,C24030,40,35,1,30,4
24,31,C24031,85,50,5,55,11
24,32,C24032,50,35,4,27,7
24,33,C24033,49,30,3,21,4
24,34,C24034,50,85,4,28,10
24,35,C24035,82,68,12,34,17
24,36,C24036,96,68,14,63,11
24,37,C24037,35,32,2,34,6
24,38,C24038,52,60,12,53,7
24,39,C24039,104,58,7,76,8
24,40,C24040,64,69,7,34,11
24,41,C24041,66,51,6,29,11
25,1,C25001,73,2,10,151,1
25,2,C25002,53,6,9,183,1
25,3,C25003,105,3,37,58,3
25,4,C25004,72,40,24,56,7
25,5,C25005,60,2,21,163,1
25,6,C25006,57,6,7,30,2
25,7,C25007,47,3,7,209,1
25,8,C25008,46,5,11,206,1
25,9,C25009,52,3,10,215,1
25,10,C25010,128,2,22,33,1
25,11,C25011,62,4,7,209,3
25,12,C25012,56,2,4,187,0
25,13,C25013,52,0,1,224,0
25,14,C25014,128,6,8,33,5
25,15,C25015,90,2,6,167,1
25,16,C25016,112,2,26,37,1
25,17,C25017,85,18,13,186,2
25,18,C25018,205,17,10,59,2
25,19,C25019,59,3,6,208,0
25,20,C25020,72,53,39,23,5
25,21,C25021,143,9,43,62,2
25,22,C25022,49,1,3,205,2
25,23,C25023,63,3,10,225,1
25,24,C25024,38,1,11,212,2
25,25,C25025,128,6,32,91,1
25,26,C25026,53,6,6,205,1
25,27,C25027,91,2,36,53,2
25,28,C25028,47,2,5,217,3
25,29,C25029,110,44,40,49,9
25,30,C25030,52,2,3,185,2
25,31,C25031,129,2,21,33,1
25,32,C25032,69,6,9,157,1
26,1,C26001,57,3,6,100,1
26,2,C26002,46,25,7,92,2
26,3,C26003,62,4,12,90,0
26,4,C26004,62,16,0,60,4
26,5,C26005,46,7,3,88,3
26,6,C26006,58,6,10,93,0
26,7,C26007,30,4,4,82,1
26,8,C26008,21,1,4,56,0
26,9,C26009,55,5,9,91,2
26,10,C26010,34,9,8,97,2
26,11,C26011,57,8,5,101,1
26,12,C26012,59,12,6,89,1
26,13,C26013,51,2,2,54,1
26,14,C26014,20,0,5,81,0
26,15,C26015,28,7,1,42,4
26,16,C26016,35,5,4,51,2
26,17,C26017,63,7,24,61,2
26,18,C26018,55,7,5,83,1
26,19,C26019,32,14,5,48,1
26,20,C26020,73,12,6,80,1
26,21,C26021,60,23,12,108,8
26,22,C26022,43,2,3,58,2
26,23,C26023,41,4,3,59,1
26,24,C26024,65,2,10,83,1
26,25,C26025,45,8,12,95,1
26,26,C26026,22,5,5,59,3
26,27,C26027,77,12,13,80,3
26,28,C26028,103,4,19,91,2
26,29,C26029,28,3,2,53,4
26,30,C26030,40,5,5,77,4
26,31,C26031,41,6,2,46,2
26,32,C26032,62,9,25,63,3
26,33,C26033,59,12,8,86,2
26,34,C26034,71,9,10,102,2
26,35,C26035,63,11,8,104,1
26,36,C26036,44,6,12,86,0
26,37,C26037,46,2,6,95,0
26,38,C26038,43,13,2,43,1
26,39,C26039,52,1,10,101,5
26,40,C26040,35,4,3,31,2
26,41,C26041,73,23,12,103,3
26,42,C26042,39,3,10,87,1
26,43,C26043,38,1,2,51,0
26,44,C26044,33,9,3,48,3
26,45,C26045,27,9,0,28,0
26,46,C26046,37,3,12,45,1
26,47,C26047,30,7,5,78,1
26,48,C26048,43,4,8,101,0
26,49,C26049,27,5,0,65,2
27,1,C27001,96,5,13,37,1
27,2,C27002,139,41,24,55,2
27,3,C27003,40,37,7,25,6
27,4,C27004,36,25,19,32,2
27,5,C27005,69,39,8,37,7
27,6,C27006,95,25,12,29,6
27,7,C27007,87,8,17,117,0
27,8,C27008,72,47,8,32,6
27,9,C27009,57,9,4,22,4
27,10,C27010,133,62,28,37,7
27,11,C27011,94,7,5,37,2
27,12,C27012,83,4,6,22,1
27,13,C27013,169,61,11,75,13
27,14,C27014,33,35,21,13,5
27,15,C27015,62,49,1,20,3
27,16,C27016,91,6,13,47,1
27,17,C27017,78,38,32,51,9
27,18,C27018,74,43,27,26,7
27,19,C27019,64,46,7,26,1
27,20,C27020,67,34,8,25,7
27,21,C27021,118,6,9,26,2
27,22,C27022,52,41,1,30,6
27,23,C27023,89,57,5,22,4
27,24,C27024,50,32,4,52,9
27,25,C27025,58,43,28,46,2
27,26,C27026,88,45,14,49,10
27,27,C27027,89,45,19,31,9
27,28,C27028,60,19,5,31,3
27,29,C27029,41,40,5,56,8
27,30,C27030,44,24,34,17,4
27,31,C27031,58,59,6,31,8
27,32,C27032,61,31,29,30,10
27,33,C27033,80,7,15,55,5
27,34,C27034,115,61,3,29,2
27,35,C27035,110,2,12,45,3
27,36,C27036,65,30,11,32,4
27,37,C27037,175,38,11,38,5
27,38,C27038,219,38,22,49,23
27,39,C27039,64,39,25,38,12
27,40,C27040,104,27,11,84,4
27,41,C27041,109,68,19,29,9
27,42,C27042,82,20,8,32,2
27,43,C27043,58,33,24,39,4
27,44,C27044,75,47,3,36,11
27,45,C27045,113,5,26,61,2
27,46,C27046,106,2,5,22,0
27,47,C27047,114,37,3,38,14
27,48,C27048,134,41,10,53,9
27,49,C27049,49,39,24,20,7
27,50,C27050,72,43,33,25,9
28,1,C28001,47,59,5,18,6
28,2,C28002,55,53,4,42,4
28,3,C28003,48,45,11,31,5
28,4,C28004,65,6,24,42,1
28,5,C28005,65,29,15,25,3
28,6,C28006,51,22,33,27,4
28,7,C28007,67,55,7,33,4
28,8,C28008,51,1,13,28,0
28,9,C28009,80,58,13,27,9
28,10,C28010,94,12,41,52,1
28,11,C28011,86,28,38,103,6
28,12,C28012,79,50,8,35,14
28,13,C28013,82,82,2,19,14
28,14,C28014,81,65,7,30,9
28,15,C28015,45,26,0,8,6
28,16,C28016,52,29,7,16,2
28,17,C28017,49,67,4,26,4
28,18,C28018,75,41,18,26,4
28,19,C28019,46,10,27,80,0
28,20,C28020,71,67,7,31,7
28,21,C28021,62,55,7,16,16
28,22,C28022,57,41,11,33,12
28,23,C28023,82,70,10,36,9
28,24,C28024,58,46,2,28,9
28,25,C28025,72,63,11,67,21
28,26,C28026,76,65,6,26,11
28,27,C28027,81,9,23,65,2
28,28,C28028,105,6,42,49,6
28,29,C28029,29,31,9,11,2
28,30,C28030,14,13,5,6,1
28,31,C28031,108,81,20,44,14
28,32,C28032,76,55,7,25,10
28,33,C28033,78,68,4,42,11
28,34,C28034,99,73,12,61,12
28,35,C28035,54,83,23,35,8
28,36,C28036,57,23,5,33,9
28,37,C28037,90,70,14,46,4
28,38,C28038,49,27,3,25,4
28,39,C28039,49,49,3,18,3
28,40,C28040,100,54,6,38,10
28,41,C28041,57,37,3,38,5
28,42,C28042,56,71,5,36,13
28,43,C28043,80,76,11,27,14
28,44,C28044,54,48,7,23,3
28,45,C28045,62,7,11,39,2
28,46,C28046,90,17,52,116,6
29,1,C29001,142,22,36,138,4
29,2,C29002,163,96,14,70,29
29,3,C29003,123,82,8,45,14
29,4,C29004,114,78,10,53,19
29,5,C29005,85,67,4,47,16
29,6,C29006,74,53,4,46,5
29,7,C29007,109,39,20,72,8
29,8,C29008,51,48,7,22,8
29,9,C29009,140,26,35,136,12
29,10,C29010,168,42,37,129,9
29,11,C29011,66,34,7,27,5
29,12,C29012,120,66,14,69,17
29,13,C29013,107,78,9,43,6
29,14,C29014,93,91,17,46,22
29,15,C29015,121,64,16,58,34
29,16,C29016,114,73,12,71,10
29,17,C29017,97,53,9,35,10
29,18,C29018,108,55,4,49,11
29,19,C29019,106,70,14,48,13
29,20,C29020,143,96,20,45,18
29,21,C29021,113,68,12,42,10
29,22,C29022,62,37,18,59,9
29,23,C29023,107,21,30,99,4
29,24,C29024,93,52,10,34,17
29,25,C29025,130,77,19,48,9
29,26,C29026,110,58,13,68,19
29,27,C29027,92,63,12,52,19
29,28,C29028,122,110,9,63,10
29,29,C29029,109,6,24,84,0
29,30,C29030,159,40,19,112,5
29,31,C29031,110,4,38,68,3
29,32,C29032,85,4,32,84,4
29,33,C29033,109,65,7,44,9
29,34,C29034,66,27,15,48,6
29,35,C29035,70,50,10,37,9
29,36,C29036,104,64,11,38,14
29,37,C29037,78,80,8,43,17
29,38,C29038,77,7,33,76,6
29,39,C29039,76,7,26,77,5
29,40,C29040,119,89,16,54,13
29,41,C29041,93,66,21,47,11
29,42,C29042,98,90,10,42,10
29,43,C29043,125,37,28,116,11
29,44,C29044,111,105,5,64,20
30,1,C30001,71,4,24,88,3
30,2,C30002,106,4,12,94,0
30,3,C30003,59,2,11,78,1
30,4,C30004,76,4,29,69,2
30,5,C30005,42,5,10,62,2
30,6,C30006,88,7,6,57,1
30,7,C30007,73,5,7,106,2
30,8,C30008,86,5,14,102,0
30,9,C30009,60,10,16,63,5
30,10,C30010,88,4,15,82,2
30,11,C30011,46,7,5,85,2
30,12,C30012,61,5,15,69,2
30,13,C30013,71,2,12,67,0
30,14,C30014,47,7,3,50,1
30,15,C30015,108,8,24,85,1
30,16,C30016,30,7,7,41,0
30,17,C30017,82,6,29,83,2
30,18,C30018,44,5,12,111,0
30,19,C30019,38,0,8,99,1
30,20,C30020,72,6,9,123,0
30,21,C30021,68,6,16,85,2
30,22,C30022,57,5,15,108,3
30,23,C30023,55,9,9,76,1
30,24,C30024,52,8,9,97,2
30,25,C30025,78,4,12,103,5
30,26,C30026,51,3,9,46,0
30,27,C30027,50,2,14,44,2
30,28,C30028,93,2,9,99,2
30,29,C30029,33,1,3,53,0
30,30,C30030,25,0,4,32,0
30,31,C30031,56,4,8,67,3
30,32,C30032,52,2,15,65,2
31,1,C31001,52,3,5,86,1
31,2,C31002,61,2,7,68,0
31,3,C31003,71,1,10,63,1
31,4,C31004,57,2,1,107,4
31,5,C31005,70,5,4,81,0
31,6,C31006,74,3,7,67,1
31,7,C31007,45,1,3,87,2
31,8,C31008,49,4,6,41,0
31,9,C31009,69,3,7,54,2
31,10,C31010,59,3,8,54,1
31,11,C31011,52,4,4,52,0
31,12,C31012,61,2,6,57,0
31,13,C31013,47,3,7,83,2
31,14,C31014,64,7,11,46,1
31,15,C31015,43,6,11,64,0
31,16,C31016,39,2,8,145,4
31,17,C31017,66,6,17,75,1
31,18,C31018,72,4,4,77,2
31,19,C31019,58,3,8,61,0
31,20,C31020,64,6,5,55,3
31,21,C31021,58,2,8,69,3
31,22,C31022,35,1,3,88,0
31,23,C31023,51,5,6,70,1
31,24,C31024,81,4,8,96,1
31,25,C31025,46,3,8,59,2
31,26,C31026,80,4,4,83,3
31,27,C31027,69,2,4,90,2
31,28,C31028,50,3,6,56,1
31,29,C31029,100,9,7,78,3
31,30,C31030,43,1,0,46,3
31,31,C31031,53,5,14,79,0
31,32,C31032,44,2,8,70,0
31,33,C31033,48,2,12,72,0
31,34,C31034,56,10,11,57,0
31,35,C31035,69,2,10,90,1
31,36,C31036,73,2,17,82,1
31,37,C31037,64,3,6,63,2
31,38,C31038,56,3,2,67,0
31,39,C31039,33,4,6,102,1
31,40,C31040,49,3,12,81,4
31,41,C31041,50,1,0,75,1
32,1,C32001,99,4,15,64,2
32,2,C32002,93,3,19,53,2
32,3,C32003,93,6,22,162,2
32,4,C32004,114,5,31,62,1
32,5,C32005,107,0,31,71,2
32,6,C32006,97,5,12,49,0
32,7,C32007,108,7,17,62,3
32,8,C32008,109,2,11,42,1
32,9,C32009,110,3,17,81,1
32,10,C32010,112,9,13,60,0
32,11,C32011,72,6,10,152,1
32,12,C32012,66,6,13,128,3
32,13,C32013,114,4,16,38,1
32,14,C32014,63,2,21,119,1
32,15,C32015,96,9,17,75,0
32,16,C32016,85,3,22,104,3
32,17,C32017,75,6,22,139,2
32,18,C32018,118,1,12,40,0
32,19,C32019,68,4,16,79,2
32,20,C32020,61,10,13,180,4
32,21,C32021,122,2,20,97,5
32,22,C32022,86,8,20,166,4
32,23,C32023,110,2,30,68,0
32,24,C32024,62,3,10,24,0
32,25,C32025,92,2,16,74,1
32,26,C32026,85,0,26,140,1
32,27,C32027,127,6,5,58,1
32,28,C32028,75,7,14,137,3
32,29,C32029,107,5,14,112,0
32,30,C32030,112,5,6,33,0
32,31,C32031,110,4,16,59,1
32,32,C32032,104,3,21,73,0
32,33,C32033,115,5,20,54,2
32,34,C32034,73,8,20,82,0
32,35,C32035,97,0,14,64,1
32,36,C32036,104,6,19,53,1
32,37,C32037,57,5,20,72,3
32,38,C32038,90,1,12,66,1
32,39,C32039,116,5,8,43,1
32,40,C32040,128,1,15,70,1
32,41,C32041,111,10,6,64,2
32,42,C32042,91,4,18,68,2
32,43,C32043,77,1,12,122,3
33,1,C33001,86,11,18,152,2
33,2,C33002,138,17,15,168,8
33,3,C33003,94,10,17,184,2
33,4,C33004,106,4,18,155,1
33,5,C33005,102,3,21,89,1
33,6,C33006,101,4,16,116,3
33,7,C33007,130,13,21,133,7
33,8,C33008,208,12,36,203,4
33,9,C33009,141,6,15,131,3
33,10,C33010,168,18,18,106,5
33,11,C33011,103,5,17,151,2
33,12,C33012,119,2,18,148,4
33,13,C33013,75,5,19,143,7
33,14,C33014,37,3,8,68,0
33,15,C33015,124,11,25,172,1
33,16,C33016,183,19,22,184,5
33,17,C33017,124,11,21,157,5
33,18,C33018,93,8,17,184,5
33,19,C33019,94,10,16,117,7
33,20,C33020,125,13,25,153,2
33,21,C33021,119,8,15,145,4
33,22,C33022,180,6,14,154,1
33,23,C33023,118,14,22,154,8
33,24,C33024,222,15,43,207,3
33,25,C33025,131,19,17,160,7
33,26,C33026,54,5,12,124,3
33,27,C33027,83,10,13,113,2
33,28,C33028,74,10,13,113,3
34,1,C34001,145,53,10,81,15
34,2,C34002,114,60,2,51,16
34,3,C34003,130,48,9,53,15
34,4,C34004,89,48,3,53,12
34,5,C34005,108,39,12,58,12
34,6,C34006,136,81,12,57,25
34,7,C34007,154,61,7,55,19
34,8,C34008,67,51,9,45,13
34,9,C34009,83,70,7,32,4
34,10,C34010,121,65,9,56,6
34,11,C34011,90,50,5,37,16
34,12,C34012,128,57,7,76,18
34,13,C34013,100,90,8,56,17
34,14,C34014,82,56,11,25,15
34,15,C34015,78,49,6,29,13
34,16,C34016,80,63,6,40,7
34,17,C34017,148,62,9,69,19
34,18,C34018,86,55,4,35,10
34,19,C34019,104,63,10,43,18
34,20,C34020,168,70,11,64,13
34,21,C34021,155,82,18,74,16
34,22,C34022,135,50,6,54,20
34,23,C34023,101,57,6,43,6
34,24,C34024,92,50,7,50,14
34,25,C34025,133,78,4,62,19
34,26,C34026,130,71,9,52,13
34,27,C34027,88,69,6,36,18
34,28,C34028,80,49,7,17,6
34,29,C34029,74,65,4,39,17
34,30,C34030,127,68,11,59,20
34,31,C34031,87,55,4,22,11
34,32,C34032,119,63,6,36,11
34,33,C34033,91,69,8,29,9
34,34,C34034,121,57,7,64,22
34,35,C34035,110,64,8,56,21
34,36,C34036,92,75,11,67,10
34,37,C34037,66,46,3,30,8
34,38,C34038,69,49,6,20,2
34,39,C34039,78,50,7,31,21
34,40,C34040,113,68,10,58,12
34,41,C34041,85,42,10,28,14
34,42,C34042,122,60,6,69,18
34,43,C34043,116,53,12,53,17
34,44,C34044,132,62,7,46,13
34,45,C34045,155,39,8,48,18
34,46,C34046,89,36,9,39,5
34,47,C34047,113,59,1,35,14
34,48,C34048,120,76,5,76,23
34,49,C34049,120,73,17,81,22
34,50,C34050,85,71,8,34,12
34,51,C34051,140,60,13,79,13
34,52,C34052,108,33,9,58,11
34,53,C34053,65,37,3,21,4
35,1,C35001,76,4,15,145,1
35,2,C35002,88,2,16,183,3
35,3,C35003,47,9,8,123,4
35,4,C35004,102,4,15,133,1
35,5,C35005,56,13,10,105,2
35,6,C35006,63,6,11,102,2
35,7,C35007,48,7,11,147,1
35,8,C35008,42,7,7,125,1
35,9,C35009,88,16,11,133,3
35,10,C35010,73,5,17,181,2
35,11,C35011,80,8,14,133,2
35,12,C35012,24,3,4,100,1
35,13,C35013,50,6,2,83,1
35,14,C35014,50,4,5,108,1
35,15,C35015,61,3,16,175,2
35,16,C35016,35,6,2,86,2
35,17,C35017,83,11,4,104,3
35,18,C35018,79,0,2,115,2
35,19,C35019,36,3,6,91,1
35,20,C35020,60,5,8,76,2
35,21,C35021,68,5,9,104,0
35,22,C35022,99,3,16,105,0
35,23,C35023,86,6,16,111,3
35,24,C35024,68,4,16,97,1
35,25,C35025,82,5,11,122,1
35,26,C35026,70,6,20,86,2
35,27,C35027,74,8,11,99,2
35,28,C35028,73,3,8,117,4
35,29,C35029,71,11,8,88,0
35,30,C35030,88,9,14,84,7
35,31,C35031,90,6,23,119,3
36,1,C36001,88,6,20,103,4
36,2,C36002,56,9,8,102,4
36,3,C36003,82,14,19,88,2
36,4,C36004,71,16,7,107,0
36,5,C36005,86,26,12,85,1
36,6,C36006,62,14,3,91,0
36,7,C36007,157,12,58,97,2
36,8,C36008,39,10,10,87,0
36,9,C36009,43,8,7,93,2
36,10,C36010,76,14,14,105,4
36,11,C36011,55,1,8,69,0
36,12,C36012,45,4,5,72,0
36,13,C36013,36,9,3,90,0
36,14,C36014,96,7,35,103,1
36,15,C36015,107,9,42,109,1
36,16,C36016,106,13,25,91,2
36,17,C36017,119,6,23,110,0
36,18,C36018,116,7,21,87,5
36,19,C36019,68,11,27,114,4
36,20,C36020,89,6,31,103,3
36,21,C36021,62,7,10,76,3
36,22,C36022,28,3,10,76,1
36,23,C36023,63,14,6,77,0
36,24,C36024,88,3,39,88,1
36,25,C36025,46,7,5,100,0
36,26,C36026,87,14,35,58,4
36,27,C36027,94,7,25,65,5
36,28,C36028,83,9,33,96,1
36,29,C36029,128,12,45,91,1
36,30,C36030,104,3,25,98,1
37,1,C37001,98,49,4,30,8
37,2,C37002,45,34,4,39,5
37,3,C37003,60,46,5,27,10
37,4,C37004,70,53,13,47,6
37,5,C37005,113,68,7,51,12
37,6,C37006,91,68,10,47,22
37,7,C37007,60,34,12,42,12
37,8,C37008,60,35,6,30,0
37,9,C37009,87,66,12,34,10
37,10,C37010,98,52,9,74,14
37,11,C37011,63,41,10,32,9
37,12,C37012,60,33,6,50,8
37,13,C37013,69,43,2,35,9
37,14,C37014,90,76,9,40,3
37,15,C37015,122,56,12,40,10
37,16,C37016,109,70,13,45,11
37,17,C37017,70,62,6,23,6
37,18,C37018,93,61,11,44,10
37,19,C37019,42,51,11,27,9
37,20,C37020,51,60,4,32,8
37,21,C37021,76,51,12,48,6
37,22,C37022,81,39,10,66,4
37,23,C37023,93,80,12,46,14
37,24,C37024,88,62,5,35,13
37,25,C37025,97,67,9,38,8
37,26,C37026,131,70,11,55,10
37,27,C37027,67,77,15,41,10
37,28,C37028,67,44,4,56,10
37,29,C37029,85,65,10,55,19
37,30,C37030,76,61,13,36,9
37,31,C37031,109,65,16,46,10
37,32,C37032,78,55,7,53,21
37,33,C37033,119,57,10,39,10
37,34,C37034,94,60,7,31,12
37,35,C37035,110,71,12,44,10
37,36,C37036,94,51,5,34,7
37,37,C37037,85,74,11,33,10
37,38,C37038,90,71,17,59,15
37,39,C37039,75,50,10,52,10
37,40,C37040,93,76,5,50,15
37,41,C37041,106,68,6,48,4
38,1,C38001,118,4,21,86,4
38,2,C38002,185,13,96,111,1
38,3,C38003,125,5,29,83,3
38,4,C38004,154,7,53,86,2
38,5,C38005,134,6,48,101,1
38,6,C38006,112,5,45,102,2
38,7,C38007,139,10,75,93,1
38,8,C38008,117,6,34,96,3
38,9,C38009,174,6,56,98,2
38,10,C38010,102,6,36,69,5
38,11,C38011,106,4,24,89,1
38,12,C38012,165,10,63,80,2
38,13,C38013,127,10,54,123,4
38,14,C38014,116,6,41,96,5
38,15,C38015,115,5,26,88,1
38,16,C38016,133,7,50,92,0
38,17,C38017,143,12,74,107,1
38,18,C38018,136,9,37,90,6
38,19,C38019,166,7,38,60,2
38,20,C38020,128,7,55,86,2
38,21,C38021,90,8,27,98,0
38,22,C38022,124,5,33,82,3
38,23,C38023,157,14,43,76,4
38,24,C38024,184,11,55,111,1
38,25,C38025,95,9,33,70,1
38,26,C38026,154,5,29,73,4
38,27,C38027,147,6,45,88,3
38,28,C38028,171,5,69,106,2
38,29,C38029,133,8,42,66,2
38,30,C38030,123,7,67,91,1
38,31,C38031,127,6,36,111,1
38,32,C38032,112,11,28,71,2
38,33,C38033,99,12,26,87,2
38,34,C38034,101,10,20,94,3
38,35,C38035,99,6,34,115,2
38,36,C38036,117,6,19,78,1
38,37,C38037,117,7,31,126,1
38,38,C38038,128,11,35,69,9
38,39,C38039,146,12,27,108,1
38,40,C38040,144,8,31,78,0
38,41,C38041,145,3,20,89,4
39,1,C39001,138,5,38,100,2
39,2,C39002,245,10,16,71,7
39,3,C39003,125,14,21,84,1
39,4,C39004,139,4,42,94,5
39,5,C39005,139,3,26,115,2
39,6,C39006,108,3,37,102,1
39,7,C39007,112,5,23,105,1
39,8,C39008,106,9,25,157,4
39,9,C39009,146,4,23,80,3
39,10,C39010,68,4,8,52,1
39,11,C39011,119,6,27,91,2
39,12,C39012,125,15,10,129,1
39,13,C39013,103,9,26,87,0
39,14,C39014,97,9,21,68,2
39,15,C39015,204,7,36,78,2
39,16,C39016,80,3,6,78,4
39,17,C39017,140,7,37,116,2
39,18,C39018,108,3,15,130,0
39,19,C39019,129,4,31,103,2
39,20,C39020,151,12,46,120,2
39,21,C39021,111,12,38,80,3
39,22,C39022,64,10,16,82,0
39,23,C39023,153,12,43,91,2
39,24,C39024,168,11,57,149,3
39,25,C39025,78,6,15,70,2
39,26,C39026,130,4,36,107,2
39,27,C39027,33,2,10,18,0
39,28,C39028,125,13,33,134,2
39,29,C39029,61,3,12,36,0
39,30,C39030,119,12,22,140,7
39,31,C39031,91,4,23,89,2
39,32,C39032,123,8,15,89,1
39,33,C39033,114,13,13,108,4
39,34,C39034,129,10,22,93,5
39,35,C39035,110,14,18,138,8
39,36,C39036,61,8,12,30,1
39,37,C39037,172,14,28,107,1
39,38,C39038,113,0,19,47,1
39,39,C39039,82,3,11,78,1
39,40,C39040,126,4,33,73,1
39,41,C39041,161,18,48,114,1
39,42,C39042,170,10,45,92,1
39,43,C39043,158,4,39,105,3
39,44,C39044,112,12,30,85,2
39,45,C39045,153,12,35,87,2
40,1,C40001,113,4,17,72,2
40,2,C40002,106,7,26,82,10
40,3,C40003,115,5,13,125,1
40,4,C40004,78,7,13,63,5
40,5,C40005,121,6,13,110,1
40,6,C40006,94,8,18,139,3
40,7,C40007,138,4,22,125,0
40,8,C40008,120,2,29,155,2
40,9,C40009,125,14,11,54,4
40,10,C40010,114,8,17,95,4
40,11,C40011,146,4,22,117,3
40,12,C40012,74,4,7,70,4
40,13,C40013,110,7,23,153,2
40,14,C40014,111,8,5,66,4
40,15,C40015,118,6,18,83,2
40,16,C40016,123,2,15,143,1
40,17,C40017,118,9,20,92,1
40,18,C40018,78,22,9,67,4
40,19,C40019,160,6,30,115,8
40,20,C40020,116,9,20,70,2
40,21,C40021,152,6,15,132,1
40,22,C40022,108,6,9,99,1
40,23,C40023,163,15,11,126,3
40,24,C40024,99,11,17,66,3
40,25,C40025,123,6,14,119,4
40,26,C40026,128,7,14,139,0
40,27,C40027,121,17,19,172,3
40,28,C40028,116,12,14,144,1
40,29,C40029,172,6,22,94,2
40,30,C40030,187,10,25,106,2
40,31,C40031,121,2,12,149,1
40,32,C40032,134,5,21,120,1
40,33,C40033,122,6,16,132,1
40,34,C40034,133,7,16,100,1
40,35,C40035,97,12,10,58,6
40,36,C40036,125,9,13,97,1
40,37,C40037,109,13,15,114,1
40,38,C40038,114,3,22,150,1
40,39,C40039,32,5,3,23,3
41,1,C41001,138,13,65,108,4
41,2,C41002,172,11,73,102,2
41,3,C41003,124,6,42,130,5
41,4,C41004,183,8,55,124,1
41,5,C41005,156,12,42,95,2
41,6,C41006,206,15,46,91,3
41,7,C41007,199,6,67,120,6
41,8,C41008,151,6,65,111,2
41,9,C41009,135,2,63,106,0
41,10,C41010,194,10,63,103,2
41,11,C41011,169,14,69,107,3
41,12,C41012,147,6,59,93,2
41,13,C41013,150,6,103,99,2
41,14,C41014,200,11,37,112,1
41,15,C41015,165,15,72,125,3
41,16,C41016,138,10,50,97,2
41,17,C41017,159,8,47,98,3
41,18,C41018,138,8,68,85,3
41,19,C41019,188,18,57,116,0
41,20,C41020,157,5,38,75,1
41,21,C41021,180,10,53,76,2
41,22,C41022,148,16,70,104,3
41,23,C41023,165,11,59,86,1
41,24,C41024,147,1,47,102,1
41,25,C41025,71,8,20,40,2
41,26,C41026,148,18,61,111,4
41,27,C41027,110,3,28,57,1
41,28,C41028,101,9,16,57,3
41,29,C41029,85,6,18,42,1
41,30,C41030,130,5,68,114,2
41,31,C41031,245,9,47,95,2
41,32,C41032,125,9,43,69,3
41,33,C41033,131,12,77,76,0
41,34,C41034,135,3,56,74,3
41,35,C41035,161,17,65,114,6
41,36,C41036,144,7,52,94,1
41,37,C41037,155,9,63,108,2
41,38,C41038,127,1,53,100,4
41,39,C41039,160,12,51,114,3
41,40,C41040,168,12,83,129,2
41,41,C41041,168,8,65,101,0
41,42,C41042,142,16,75,95,3
41,43,C41043,151,6,54,113,3
41,44,C41044,170,13,71,112,3
41,45,C41045,106,14,58,96,3
41,46,C41046,171,17,50,130,3
41,47,C41047,140,9,60,99,4
42,1,C42001,243,7,12,42,1
42,2,C42002,122,5,15,37,1
42,3,C42003,96,2,24,46,3
42,4,C42004,230,9,19,51,3
42,5,C42005,116,1,6,13,2
42,6,C42006,236,10,30,85,5
42,7,C42007,223,11,14,31,2
42,8,C42008,193,10,18,45,3
42,9,C42009,131,10,12,49,2
42,10,C42010,132,8,14,30,3
42,11,C42011,158,10,20,41,3
42,12,C42012,155,3,9,30,1
42,13,C42013,237,9,39,57,5
42,14,C42014,118,2,3,29,0
42,15,C42015,95,3,9,18,0
42,16,C42016,140,10,15,37,0
42,17,C42017,160,8,9,14,1
42,18,C42018,110,7,7,27,2
42,19,C42019,215,9,20,34,2
42,20,C42020,104,3,11,18,0
42,21,C42021,98,2,10,34,0
42,22,C42022,88,5,8,10,0
42,23,C42023,150,3,7,17,0
42,24,C42024,186,8,13,33,3
42,25,C42025,158,10,8,46,3
42,26,C42026,188,4,10,28,2
42,27,C42027,154,7,12,47,0
42,28,C42028,214,7,15,84,7
42,29,C42029,133,2,17,28,0
42,30,C42030,205,5,15,49,0
42,31,C42031,156,5,6,33,2
42,32,C42032,117,0,6,22,1
42,33,C42033,130,11,16,40,2
42,34,C42034,225,5,9,24,2
42,35,C42035,219,15,16,44,3
42,36,C42036,145,5,15,35,3
42,37,C42037,92,3,6,14,2
42,38,C42038,133,7,6,34,0
42,39,C42039,94,4,10,25,3
42,40,C42040,152,6,6,25,1
42,41,C42041,129,6,15,35,1
42,42,C42042,178,5,16,35,2
43,1,C43001,103,16,5,27,3
43,2,C43002,178,6,12,48,1
43,3,C43003,218,0,18,43,0
43,4,C43004,177,6,23,29,0
43,5,C43005,145,5,13,32,1
43,6,C43006,102,5,13,36,0
43,7,C43007,142,9,10,34,0
43,8,C43008,160,11,7,42,0
43,9,C43009,234,10,11,59,3
43,10,C43010,177,6,20,46,2
43,11,C43011,131,4,10,30,0
43,12,C43012,123,2,14,24,0
43,13,C43013,175,14,12,48,3
43,14,C43014,218,8,10,51,0
43,15,C43015,168,4,23,50,1
43,16,C43016,150,7,20,41,0
43,17,C43017,147,5,11,31,1
43,18,C43018,197,4,20,52,1
43,19,C43019,194,7,22,47,3
43,20,C43020,213,6,12,75,3
43,21,C43021,174,9,22,61,0
43,22,C43022,94,4,11,27,1
43,23,C43023,80,3,2,23,0
43,24,C43024,138,12,11,30,6
43,25,C43025,175,11,13,52,1
43,26,C43026,155,3,14,42,2
43,27,C43027,201,4,13,44,0
43,28,C43028,227,4,17,37,5
43,29,C43029,157,6,10,69,1
43,30,C43030,166,5,21,35,0
43,31,C43031,182,17,19,61,4
43,32,C43032,214,4,12,54,1
43,33,C43033,244,7,19,39,1
43,34,C43034,147,5,10,42,2
43,35,C43035,268,5,36,31,0
43,36,C43036,42,2,10,25,4
43,37,C43037,135,3,19,33,4
43,38,C43038,225,5,8,32,2
43,39,C43039,130,4,12,47,4
43,40,C43040,78,5,8,43,7
43,41,C43041,213,5,20,68,2
43,42,C43042,150,4,11,54,4
43,43,C43043,259,5,26,45,0
43,44,C43044,186,6,15,47,1
43,45,C43045,140,5,16,26,3
43,46,C43046,76,5,4,26,0
44,1,C44001,240,15,24,92,5
44,2,C44002,123,5,18,57,0
44,3,C44003,210,5,12,44,0
44,4,C44004,248,4,14,57,0
44,5,C44005,128,5,12,59,6
44,6,C44006,131,6,16,63,1
44,7,C44007,172,4,15,44,2
44,8,C44008,158,7,22,80,1
44,9,C44009,104,2,10,52,0
44,10,C44010,98,6,12,46,0
44,11,C44011,125,5,18,61,0
44,12,C44012,170,4,15,75,1
44,13,C44013,116,4,11,35,0
44,14,C44014,107,2,7,57,1
44,15,C44015,133,5,13,57,0
44,16,C44016,133,4,12,75,4
44,17,C44017,215,4,12,75,3
44,18,C44018,135,7,12,44,1
44,19,C44019,170,4,24,92,1
44,20,C44020,78,6,16,46,0
44,21,C44021,143,7,7,63,0
44,22,C44022,190,8,23,67,2
44,23,C44023,103,6,12,47,1
44,24,C44024,192,3,14,78,1
44,25,C44025,127,2,10,51,2
44,26,C44026,131,4,8,62,1
44,27,C44027,140,6,16,66,1
44,28,C44028,160,5,19,64,1
44,29,C44029,113,2,11,62,3
44,30,C44030,129,6,12,58,1
44,31,C44031,117,5,12,54,2
44,32,C44032,161,3,13,79,2
44,33,C44033,121,5,9,72,2
44,34,C44034,168,7,13,78,1
44,35,C44035,236,10,19,76,1
44,36,C44036,125,3,5,62,1
44,37,C44037,170,3,12,74,7
44,38,C44038,124,2,14,48,3
44,39,C44039,113,1,9,46,1
44,40,C44040,149,6,8,67,0
44,41,C44041,149,13,13,58,2
45,1,C45001,89,5,21,93,1
45,2,C45002,85,1,14,91,2
45,3,C45003,113,4,18,95,1
45,4,C45004,144,11,38,141,6
45,5,C45005,168,12,23,108,5
45,6,C45006,191,10,26,131,2
45,7,C45007,190,13,38,153,0
45,8,C45008,123,12,14,113,1
45,9,C45009,115,5,30,114,2
45,10,C45010,139,4,30,117,1
45,11,C45011,76,12,17,81,1
45,12,C45012,122,12,25,104,3
45,13,C45013,131,7,47,105,2
45,14,C45014,173,16,30,115,1
45,15,C45015,203,6,49,161,6
45,16,C45016,126,11,29,90,5
45,17,C45017,160,10,39,97,6
45,18,C45018,129,7,43,118,0
45,19,C45019,90,4,18,48,3
45,20,C45020,82,9,21,70,1
45,21,C45021,150,6,35,107,1
45,22,C45022,147,5,49,73,1
45,23,C45023,157,8,44,83,1
45,24,C45024,129,7,38,84,3
45,25,C45025,99,6,42,67,0
45,26,C45026,71,7,35,50,1
45,27,C45027,110,10,44,99,3
45,28,C45028,118,11,20,85,4
45,29,C45029,96,6,30,51,10
45,30,C45030,128,8,22,87,1
45,31,C45031,129,10,23,81,2
45,32,C45032,131,8,22,83,1
45,33,C45033,88,6,12,67,2
45,34,C45034,165,8,28,90,4
45,35,C45035,153,18,55,107,5
45,36,C45036,146,14,61,115,4
45,37,C45037,149,11,24,97,0
45,38,C45038,123,6,24,94,3
45,39,C45039,129,7,46,95,2
45,40,C45040,150,12,47,89,3
45,41,C45041,147,7,58,93,2
45,42,C45042,172,11,54,102,0
45,43,C45043,146,8,68,121,2
45,44,C45044,168,6,49,95,1
45,45,C45045,97,10,52,61,1
45,46,C45046,86,7,32,73,4
45,47,C45047,98,8,49,84,1
45,48,C45048,112,4,49,67,4
46,1,C46001,134,15,19,95,6
46,2,C46002,135,14,6,95,2
46,3,C46003,221,11,11,82,3
46,4,C46004,171,11,12,97,3
46,5,C46005,126,8,14,72,2
46,6,C46006,139,12,12,82,3
46,7,C46007,271,14,22,97,6
46,8,C46008,110,26,10,73,8
46,9,C46009,144,4,15,89,3
46,10,C46010,131,6,18,75,3
46,11,C46011,167,19,11,59,1
46,12,C46012,123,11,10,113,2
46,13,C46013,139,4,16,81,4
46,14,C46014,172,52,11,100,7
46,15,C46015,162,6,12,67,4
46,16,C46016,139,7,17,108,0
46,17,C46017,221,15,17,84,3
46,18,C46018,133,10,12,82,2
46,19,C46019,138,2,14,56,3
46,20,C46020,133,30,15,87,9
46,21,C46021,107,5,12,58,2
46,22,C46022,101,16,8,110,0
46,23,C46023,126,20,8,60,3
46,24,C46024,195,7,15,75,2
46,25,C46025,119,16,10,123,2
46,26,C46026,112,6,19,82,6
46,27,C46027,151,13,15,75,3
46,28,C46028,223,6,8,93,4
46,29,C46029,142,7,11,80,3
46,30,C46030,139,11,14,92,7
46,31,C46031,113,5,13,81,2
46,32,C46032,184,31,8,92,4
46,33,C46033,198,7,14,87,0
46,34,C46034,155,10,14,85,1
46,35,C46035,184,15,14,83,5
46,36,C46036,176,8,16,78,3
46,37,C46037,138,22,6,42,1
46,38,C46038,118,21,9,66,5
46,39,C46039,147,6,17,64,0
46,40,C46040,142,11,13,96,3
47,1,C47001,59,4,8,49,0
47,2,C47002,186,6,26,121,4
47,3,C47003,263,9,13,91,0
47,4,C47004,161,3,19,117,3
47,5,C47005,146,9,14,95,2
47,6,C47006,134,3,22,76,3
47,7,C47007,109,9,15,83,3
47,8,C47008,171,4,22,87,2
47,9,C47009,93,5,14,78,1
47,10,C47010,133,5,10,124,1
47,11,C47011,97,3,16,62,5
47,12,C47012,149,6,11,126,0
47,13,C47013,118,3,16,124,4
47,14,C47014,141,13,13,98,2
47,15,C47015,96,7,18,159,1
47,16,C47016,158,8,16,130,2
47,17,C47017,128,5,18,86,1
47,18,C47018,145,5,8,82,2
47,19,C47019,121,7,12,123,1
47,20,C47020,138,7,25,117,2
47,21,C47021,121,5,14,114,4
47,22,C47022,156,6,21,138,0
47,23,C47023,97,8,17,126,0
47,24,C47024,123,2,16,76,0
47,25,C47025,114,10,4,109,1
47,26,C47026,116,1,11,124,1
47,27,C47027,127,2,14,81,2
47,28,C47028,156,3,17,131,3
47,29,C47029,140,6,15,104,2
47,30,C47030,133,6,18,120,0
47,31,C47031,110,1,14,125,0
47,32,C47032,127,4,17,134,0
47,33,C47033,144,3,9,63,3
47,34,C47034,178,8,14,115,4
47,35,C47035,138,7,19,83,2
47,36,C47036,142,5,18,132,1
47,37,C47037,157,6,13,115,0
47,38,C47038,133,4,11,106,0
47,39,C47039,165,2,19,95,2
47,40,C47040,163,9,15,133,3
47,41,C47041,131,6,15,136,6
47,42,C47042,98,5,10,120,3
47,43,C47043,124,7,18,68,2
47,44,C47044,165,10,12,70,4
47,45,C47045,128,7,23,112,2
47,46,C47046,126,6,17,112,2
47,47,C47047,131,5,14,103,2
47,48,C47048,38,2,0,12,0
48,1,C48001,82,3,13,117,5
48,2,C48002,75,1,3,58,2
48,3,C48003,120,13,21,97,3
48,4,C48004,150,5,7,81,2
48,5,C48005,122,3,9,75,4
48,6,C48006,143,17,6,89,4
48,7,C48007,93,4,11,110,1
48,8,C48008,98,2,12,51,1
48,9,C48009,128,9,15,50,4
48,10,C48010,141,8,13,167,0
48,11,C48011,124,6,15,102,0
48,12,C48012,150,9,18,102,4
48,13,C48013,229,20,16,96,6
48,14,C48014,118,9,12,51,4
48,15,C48015,95,8,6,51,6
48,16,C48016,128,18,12,94,5
48,17,C48017,161,11,8,95,4
48,18,C48018,158,23,17,57,9
48,19,C48019,92,4,9,77,1
48,20,C48020,101,11,12,168,2
48,21,C48021,162,37,15,99,4
48,22,C48022,202,15,6,94,4
48,23,C48023,203,18,25,116,6
48,24,C48024,148,9,20,89,2
48,25,C48025,116,4,9,133,1
48,26,C48026,74,3,10,43,1
48,27,C48027,97,5,12,79,4
48,28,C48028,215,20,21,82,5
48,29,C48029,181,2,10,32,2
48,30,C48030,88,6,15,115,4
48,31,C48031,146,23,12,110,6
48,32,C48032,89,12,10,86,4
48,33,C48033,152,3,9,54,2
48,34,C48034,114,6,18,112,0
48,35,C48035,132,21,10,47,2
48,36,C48036,143,6,8,66,1
48,37,C48037,77,4,6,137,3
48,38,C48038,153,6,5,152,4
48,39,C48039,156,10,8,70,3
48,40,C48040,95,6,10,105,1
48,41,C48041,111,13,19,95,4
48,42,C48042,100,4,15,148,3
48,43,C48043,147,15,17,91,7
48,44,C48044,129,3,15,119,3
48,45,C48045,61,6,7,93,3
48,46,C48046,107,9,13,65,4
49,1,C49001,78,19,4,51,7
49,2,C49002,82,5,9,90,1
49,3,C49003,127,18,11,154,6
49,4,C49004,105,9,21,163,2
49,5,C49005,135,31,20,98,8
49,6,C49006,98,15,9,98,5
49,7,C49007,122,7,17,102,2
49,8,C49008,111,6,12,83,4
49,9,C49009,123,12,17,114,4
49,10,C49010,112,15,12,128,6
49,11,C49011,124,14,19,149,7
49,12,C49012,122,10,11,150,8
49,13,C49013,129,13,16,155,2
49,14,C49014,142,19,13,89,5
49,15,C49015,84,11,10,80,5
49,16,C49016,176,13,13,105,11
49,17,C49017,145,11,12,78,2
49,18,C49018,122,7,14,186,4
49,19,C49019,110,9,6,91,6
49,20,C49020,149,16,19,196,5
49,21,C49021,94,7,10,56,5
49,22,C49022,135,29,10,142,8
49,23,C49023,111,9,17,149,7
49,24,C49024,95,31,7,75,6
49,25,C49025,128,10,21,171,4
49,26,C49026,146,23,14,127,5
49,27,C49027,118,22,5,111,10
49,28,C49028,123,9,17,143,4
49,29,C49029,123,11,16,153,10
49,30,C49030,123,11,17,123,8
49,31,C49031,116,22,10,72,5
49,32,C49032,141,30,13,105,6
49,33,C49033,92,18,9,106,1
50,1,C50001,168,18,5,65,4
50,2,C50002,86,6,18,39,0
50,3,C50003,142,5,20,77,1
50,4,C50004,137,6,11,97,6
50,5,C50005,134,9,21,45,3
50,6,C50006,150,12,26,72,5
50,7,C50007,140,11,23,146,8
50,8,C50008,89,12,5,82,4
50,9,C50009,96,10,16,75,3
50,10,C50010,123,7,19,52,1
50,11,C50011,110,8,11,25,3
50,12,C50012,98,7,8,16,2
50,13,C50013,81,15,12,73,9
50,14,C50014,66,5,2,17,0
50,15,C50015,136,5,25,124,5
50,16,C50016,75,0,6,19,0
50,17,C50017,90,14,16,53,2
50,18,C50018,66,0,3,4,1
50,19,C50019,66,12,17,58,3
50,20,C50020,102,10,15,128,0
50,21,C50021,75,3,13,76,1
50,22,C50022,113,9,16,36,4
50,23,C50023,96,5,10,38,3
50,24,C50024,140,4,19,46,1
50,25,C50025,135,8,14,69,5
50,26,C50026,114,9,11,74,2
50,27,C50027,62,4,3,19,0
50,28,C50028,132,17,12,69,4
50,29,C50029,67,14,7,72,5
50,30,C50030,86,6,10,66,1
50,31,C50031,99,14,5,87,6
50,32,C50032,103,16,15,74,1
50,33,C50033,131,4,20,41,0
50,34,C50034,149,12,15,118,3
50,35,C50035,120,9,14,115,3
50,36,C50036,116,4,20,98,1
50,37,C50037,116,10,16,85,1
50,38,C50038,111,6,11,22,3
50,39,C50039,97,2,12,37,0
50,40,C50040,173,13,26,48,0
1,1,C01001,62,5,11,115,2
1,2,C01002,56,10,13,109,1
1,3,C01003,95,3,15,94,1
1,4,C01004,112,4,21,93,2
1,5,C01005,90,4,10,64,1
1,6,C01006,88,3,17,106,2
1,7,C01007,60,2,15,72,5
1,8,C01008,118,15,8,81,3
1,9,C01009,87,12,13,86,0
1,10,C01010,99,5,12,63,3
1,11,C01011,73,2,16,87,2
1,12,C01012,74,6,34,105,5
1,13,C01013,39,2,4,54,1
1,14,C01014,112,10,15,82,1
1,15,C01015,49,9,24,110,2
1,16,C01016,57,3,8,129,0
1,17,C01017,73,9,11,110,3
1,18,C01018,79,8,10,127,1
1,19,C01019,100,0,14,184,4
1,20,C01020,50,8,11,116,1
1,21,C01021,89,4,5,71,5
1,22,C01022,58,2,7,63,1
1,23,C01023,100,6,22,174,1
1,24,C01024,62,11,5,92,0
1,25,C01025,49,9,10,86,3
1,26,C01026,48,1,9,100,1
1,27,C01027,74,7,14,73,2
1,28,C01028,64,16,2,36,14
1,29,C01029,105,10,16,90,3
1,30,C01030,77,12,5,154,4
1,31,C01031,99,10,10,87,3
1,32,C01032,82,2,28,83,0
1,33,C01033,100,7,19,105,2
1,34,C01034,60,3,12,106,0
1,35,C01035,98,4,20,94,5
1,36,C01036,92,4,29,66,0
1,37,C01037,94,1,28,82,1
1,38,C01038,70,6,24,120,2
1,39,C01039,70,1,14,93,0
1,40,C01040,113,12,20,77,5
1,41,C01041,46,2,5,96,3
1,42,C01042,10,0,6,40,0
1,43,C01043,62,8,12,81,7
1,44,C01044,54,2,14,72,1
2,1,C02001,90,8,12,76,0
2,2,C02002,186,7,20,29,1
2,3,C02003,95,7,16,72,4
2,4,C02004,68,6,31,98,2
2,5,C02005,75,6,18,102,1
2,6,C02006,65,8,30,91,1
2,7,C02007,106,9,13,67,1
2,8,C02008,73,7,27,91,1
2,9,C02009,125,3,11,28,1
2,10,C02010,202,5,23,26,1
2,11,C02011,219,2,14,35,2
2,12,C02012,148,14,23,53,9
2,13,C02013,237,6,33,60,2
2,14,C02014,116,13,35,118,6
2,15,C02015,99,13,19,69,5
2,16,C02016,81,6,13,60,0
2,17,C02017,156,9,23,111,3
2,18,C02018,169,4,18,39,3
2,19,C02019,205,6,7,30,2
2,20,C02020,102,4,14,35,0
2,21,C02021,107,3,17,105,1
2,22,C02022,192,7,23,56,0
2,23,C02023,208,2,3,35,0
2,24,C02024,156,7,14,33,3
2,25,C02025,106,3,25,63,1
2,26,C02026,123,17,17,42,2
2,27,C02027,176,7,16,29,3
2,28,C02028,170,3,19,58,1
2,29,C02029,160,5,12,42,1
2,30,C02030,149,3,17,40,1
2,31,C02031,264,8,22,48,0
2,32,C02032,111,5,11,34,4
2,33,C02033,269,4,36,62,3
2,34,C02034,190,1,17,32,1
2,35,C02035,139,7,16,29,2
2,36,C02036,162,7,22,31,1
2,37,C02037,168,10,29,66,0
2,38,C02038,215,4,20,39,1
2,39,C02039,143,19,15,32,4
2,40,C02040,126,4,17,35,3
2,41,C02041,91,5,13,22,1
2,42,C02042,139,10,14,39,3
2,43,C02043,204,8,21,38,0
2,44,C02044,100,2,16,43,0
2,45,C02045,161,31,22,59,4
2,46,C02046,81,6,9,26,0
3,1,C03001,107,80,11,73,29
3,2,C03002,230,100,14,68,20
3,3,C03003,157,35,14,47,8
3,4,C03004,115,49,25,83,20
3,5,C03005,88,64,9,30,3
3,6,C03006,148,6,39,62,4
3,7,C03007,116,67,23,49,17
3,8,C03008,84,39,12,50,12
3,9,C03009,127,65,14,77,13
3,10,C03010,69,38,12,29,7
3,11,C03011,94,58,18,66,16
3,12,C03012,156,82,16,63,14
3,13,C03013,174,14,39,70,6
3,14,C03014,115,15,22,41,6
3,15,C03015,85,64,16,45,23
3,16,C03016,102,67,8,48,17
3,17,C03017,123,39,25,63,13
3,18,C03018,154,44,42,76,18
3,19,C03019,127,7,52,40,0
3,20,C03020,109,55,14,61,20
3,21,C03021,165,26,46,61,8
3,22,C03022,102,7,41,73,3
3,23,C03023,128,47,12,36,23
3,24,C03024,117,70,6,49,9
3,25,C03025,198,9,29,54,0
3,26,C03026,218,17,45,76,7
3,27,C03027,112,5,50,55,3
3,28,C03028,118,77,8,23,17
3,29,C03029,123,77,11,52,11
3,30,C03030,112,60,21,80,19
3,31,C03031,143,67,12,64,13
3,32,C03032,153,17,33,57,4
3,33,C03033,99,10,33,42,2
3,34,C03034,155,30,49,55,7
3,35,C03035,48,18,19,26,10
3,36,C03036,51,48,10,18,13
3,37,C03037,89,51,6,53,21
3,38,C03038,178,56,16,47,14
3,39,C03039,143,4,28,36,1
3,40,C03040,149,35,29,71,19
3,41,C03041,142,49,25,42,19
4,1,C04001,102,26,27,186,11
4,2,C04002,168,14,32,61,4
4,3,C04003,109,66,4,71,15
4,4,C04004,144,82,16,88,22
4,5,C04005,132,50,16,112,15
4,6,C04006,215,62,39,81,11
4,7,C04007,160,58,22,108,21
4,8,C04008,132,84,14,110,23
4,9,C04009,191,66,23,153,29
4,10,C04010,150,55,22,99,17
4,11,C04011,149,58,19,51,20
4,12,C04012,111,45,15,94,24
4,13,C04013,80,4,22,31,2
4,14,C04014,115,55,46,74,17
4,15,C04015,152,59,21,102,25
4,16,C04016,144,4,24,58,2
4,17,C04017,146,5,43,72,2
4,18,C04018,149,58,17,74,14
4,19,C04019,103,68,15,51,22
4,20,C04020,149,8,51,77,7
4,21,C04021,125,13,38,61,6
4,22,C04022,162,30,14,100,17
4,23,C04023,155,28,14,158,15
4,24,C04024,116,29,18,83,16
4,25,C04025,147,11,37,55,4
4,26,C04026,139,76,21,81,15
4,27,C04027,103,29,26,143,11
4,28,C04028,148,49,28,83,21
4,29,C04029,96,51,13,73,13
4,30,C04030,167,76,16,66,21
4,31,C04031,201,54,20,97,18
4,32,C04032,123,53,14,76,15
4,33,C04033,136,63,19,110,15
4,34,C04034,105,56,15,72,22
4,35,C04035,169,57,29,114,23
4,36,C04036,121,55,48,90,30
4,37,C04037,149,2,56,75,9
4,38,C04038,166,44,28,106,14
5,1,C05001,102,46,8,51,17
5,2,C05002,96,48,6,56,17
5,3,C05003,76,8,14,167,10
5,4,C05004,128,27,26,100,12
5,5,C05005,127,49,7,80,23
5,6,C05006,103,56,9,72,11
5,7,C05007,146,30,8,72,9
5,8,C05008,143,6,10,143,1
5,9,C05009,150,33,14,112,12
5,10,C05010,83,46,11,64,16
5,11,C05011,134,21,13,157,6
5,12,C05012,73,50,9,60,8
5,13,C05013,108,50,1,78,18
5,14,C05014,137,48,15,88,26
5,15,C05015,130,36,7,78,14
5,16,C05016,126,55,14,53,20
5,17,C05017,108,51,5,49,15
5,18,C05018,106,25,15,98,18
5,19,C05019,106,24,16,165,4
5,20,C05020,156,29,19,125,12
5,21,C05021,94,22,17,122,8
5,22,C05022,221,24,12,103,8
5,23,C05023,194,25,28,189,11
5,24,C05024,94,32,17,136,11
5,25,C05025,125,51,13,86,14
5,26,C05026,118,46,12,67,15
5,27,C05027,99,3,9,124,1
5,28,C05028,141,59,19,96,21
5,29,C05029,133,59,18,114,22
5,30,C05030,73,46,11,48,12
5,31,C05031,96,52,15,52,13
5,32,C05032,153,45,24,105,22
5,33,C05033,138,63,13,74,33
5,34,C05034,177,5,8,142,2
5,35,C05035,130,19,17,140,10
5,36,C05036,98,58,8,31,20
5,37,C05037,188,20,20,122,11
5,38,C05038,121,56,9,43,20
5,39,C05039,139,8,10,105,7
5,40,C05040,102,49,17,62,23
5,41,C05041,116,14,9,61,5
6,1,C06001,134,55,22,85,24
6,2,C06002,132,66,27,50,15
6,3,C06003,151,62,11,50,26
6,4,C06004,86,49,2,41,14
6,5,C06005,68,52,6,43,8
6,6,C06006,118,48,18,72,15
6,7,C06007,99,61,3,58,19
6,8,C06008,130,48,20,74,15
6,9,C06009,85,43,7,70,16
6,10,C06010,73,34,9,21,7
6,11,C06011,90,64,8,52,16
6,12,C06012,61,42,3,32,12
6,13,C06013,101,44,20,39,14
6,14,C06014,104,77,15,52,13
6,15,C06015,74,73,8,36,6
6,16,C06016,146,67,13,64,20
6,17,C06017,81,48,6,31,10
6,18,C06018,99,54,7,27,16
6,19,C06019,111,64,10,46,12
6,20,C06020,58,34,7,26,7
6,21,C06021,66,47,3,39,3
6,22,C06022,82,44,6,41,8
6,23,C06023,59,43,4,33,6
6,24,C06024,75,46,5,15,10
6,25,C06025,68,38,6,20,12
6,26,C06026,62,44,7,27,17
6,27,C06027,44,60,5,23,10
6,28,C06028,53,40,4,33,6
6,29,C06029,149,54,21,78,26
6,30,C06030,80,54,10,43,12
6,31,C06031,120,50,15,76,23
6,32,C06032,107,62,13,60,16
6,33,C06033,119,71,6,55,24
6,34,C06034,112,55,9,80,16
6,35,C06035,109,64,7,67,17
6,36,C06036,137,47,12,67,22
6,37,C06037,115,86,17,87,20
6,38,C06038,125,45,20,93,30
6,39,C06039,93,53,10,60,20
6,40,C06040,86,53,8,71,17
6,41,C06041,119,53,14,54,17
6,42,C06042,117,53,18,60,11
6,43,C06043,92,58,14,65,11
6,44,C06044,123,72,12,65,20
6,45,C06045,116,49,19,78,19
6,46,C06046,91,50,12,53,11
6,47,C06047,72,45,10,49,13
6,48,C06048,111,48,10,64,15
7,1,C07001,73,51,13,58,12
7,2,C07002,91,35,13,51,10
7,3,C07003,98,43,7,75,27
7,4,C07004,91,51,8,64,21
7,5,C07005,91,59,7,52,17
7,6,C07006,123,49,10,92,16
7,7,C07007,78,44,6,39,12
7,8,C07008,138,68,4,28,9
7,9,C07009,217,88,15,105,26
7,10,C07010,105,54,8,77,14
7,11,C07011,108,62,8,45,20
7,12,C07012,98,47,9,42,13
7,13,C07013,103,39,5,33,14
7,14,C07014,97,65,9,57,12
7,15,C07015,100,58,12,85,20
7,16,C07016,74,40,9,47,14
7,17,C07017,66,51,6,50,9
7,18,C07018,76,47,16,49,13
7,19,C07019,96,53,4,43,24
7,20,C07020,82,39,5,31,9
7,21,C07021,70,42,3,46,12
7,22,C07022,96,39,8,53,11
7,23,C07023,115,56,18,70,17
7,24,C07024,101,59,12,59,17
7,25,C07025,81,50,5,59,8
7,26,C07026,88,50,8,49,17
7,27,C07027,103,46,11,45,18
7,28,C07028,74,44,2,47,9
7,29,C07029,107,47,9,33,14
7,30,C07030,69,37,8,49,12
7,31,C07031,64,17,7,54,6
7,32,C07032,196,57,29,81,29
7,33,C07033,167,54,15,108,26
7,34,C07034,125,69,22,65,32
7,35,C07035,91,53,12,68,11
7,36,C07036,125,60,16,93,24
7,37,C07037,124,46,14,92,21
7,38,C07038,87,36,9,35,11
7,39,C07039,103,44,4,49,23
7,40,C07040,118,58,8,53,15
7,41,C07041,96,51,16,48,10
7,42,C07042,107,44,6,43,15
7,43,C07043,110,61,7,54,8
7,44,C07044,96,54,5,44,6
7,45,C07045,98,53,8,58,8
7,46,C07046,74,24,3,17,8
8,1,C08001,74,54,5,35,15
8,2,C08002,106,38,16,51,14
8,3,C08003,146,68,25,72,18
8,4,C08004,146,48,5,78,26
8,5,C08005,131,83,15,87,22
8,6,C08006,131,45,11,64,13
8,7,C08007,144,55,9,98,17
8,8,C08008,130,58,22,72,18
8,9,C08009,80,31,6,52,13
8,10,C08010,145,53,24,113,24
8,11,C08011,113,47,11,56,27
8,12,C08012,104,50,8,55,11
8,13,C08013,138,65,8,58,17
8,14,C08014,43,43,2,32,7
8,15,C08015,100,62,11,42,12
8,16,C08016,33,16,2,17,4
8,17,C08017,111,40,14,62,16
8,18,C08018,105,51,6,36,10
8,19,C08019,118,77,24,98,23
8,20,C08020,114,73,14,54,27
8,21,C08021,111,65,13,67,26
8,22,C08022,99,67,8,40,21
8,23,C08023,89,42,12,51,11
8,24,C08024,76,29,12,39,14
8,25,C08025,114,50,1,52,13
8,26,C08026,109,51,7,49,16
8,27,C08027,122,59,15,85,17
8,28,C08028,120,67,7,63,19
8,29,C08029,108,64,9,89,16
8,30,C08030,119,69,12,71,16
8,31,C08031,90,44,19,46,12
8,32,C08032,105,44,2,53,17
8,33,C08033,129,64,9,47,8
8,34,C08034,104,74,10,58,13
8,35,C08035,136,72,15,74,18
8,36,C08036,118,62,16,63,22
8,37,C08037,108,32,19,68,18
8,38,C08038,80,42,7,32,17
8,39,C08039,107,62,6,80,12
8,40,C08040,92,35,4,50,15
8,41,C08041,108,64,13,55,18
8,42,C08042,131,71,5,84,26
8,43,C08043,48,37,2,36,9
8,44,C08044,71,33,6,50,18
8,45,C08045,84,48,5,37,10
8,46,C08046,66,52,11,56,11
8,47,C08047,106,63,2,47,7
8,48,C08048,93,46,8,48,21
8,49,C08049,111,49,11,79,14
8,50,C08050,132,64,8,83,12
8,51,C08051,123,74,12,69,9
8,52,C08052,145,87,15,75,38
8,53,C08053,64,42,5,31,14
8,54,C08054,86,36,5,34,7
8,55,C08055,90,32,5,26,8
8,56,C08056,132,38,15,70,26
9,1,C09001,124,59,4,37,21
9,2,C09002,95,59,5,45,12
9,3,C09003,52,51,3,25,13
9,4,C09004,95,37,9,36,10
9,5,C09005,111,58,7,48,17
9,6,C09006,96,71,6,52,27
9,7,C09007,78,42,6,33,10
9,8,C09008,88,58,9,38,13
9,9,C09009,140,71,9,58,17
9,10,C09010,86,62,2,36,16
9,11,C09011,72,47,9,45,8
9,12,C09012,112,66,12,64,26
9,13,C09013,138,77,14,67,14
9,14,C09014,159,77,17,79,13
9,15,C09015,57,57,6,23,10
9,16,C09016,104,55,10,48,14
9,17,C09017,75,55,2,32,21
9,18,C09018,61,46,8,35,8
9,19,C09019,86,58,10,54,11
9,20,C09020,131,62,7,67,17
9,21,C09021,110,56,7,34,17
9,22,C09022,133,49,19,60,17
9,23,C09023,117,64,13,71,19
9,24,C09024,127,57,9,68,10
9,25,C09025,88,62,12,79,12
9,26,C09026,64,30,7,37,15
9,27,C09027,102,59,10,31,18
9,28,C09028,60,27,2,34,1
9,29,C09029,100,55,3,48,22
9,30,C09030,69,66,10,47,9
9,31,C09031,86,63,12,30,10
9,32,C09032,96,62,9,57,13
9,33,C09033,91,40,4,26,17
9,34,C09034,75,70,7,30,9
9,35,C09035,133,58,16,44,16
9,36,C09036,102,44,7,44,11
9,37,C09037,145,24,57,90,10
9,38,C09038,103,52,8,53,18
9,39,C09039,109,59,12,58,19
9,40,C09040,140,62,13,58,17
9,41,C09041,104,47,12,42,11
9,42,C09042,118,51,8,108,19
9,43,C09043,86,51,12,39,14
9,44,C09044,79,74,6,60,18
9,45,C09045,87,49,6,33,9
9,46,C09046,114,57,10,52,17
9,47,C09047,142,69,16,76,15
9,48,C09048,110,68,12,65,22
9,49,C09049,96,54,12,52,20
9,50,C09050,134,61,22,113,31
9,51,C09051,106,65,9,64,23