prec_id,Emanuel,DelValle,Braun,Chico,Watkins,Walls
C01001,123,53,3,82,2,1
C01002,149,49,0,34,0,1
C01003,98,31,1,33,0,0
C01004,125,35,3,47,1,0
C01005,133,40,5,23,0,0
C01006,128,51,2,52,1,0
C01007,145,30,4,64,1,1
C01008,162,44,11,25,4,1
C01009,106,48,3,63,2,2
C01010,152,33,2,55,1,1
C01011,126,48,4,52,0,1
C01012,191,46,1,47,1,2
C01013,136,85,3,86,0,1
C01014,135,43,12,35,6,0
C01015,71,71,5,32,1,0
C01016,47,31,8,17,1,1
C01017,97,25,2,22,0,0
C01018,80,94,3,46,2,1
C01019,91,55,0,57,2,2
C01020,139,86,4,72,0,0
C01021,112,27,1,40,0,1
C01022,92,53,2,38,0,1
C01023,109,42,1,41,0,0
C01024,144,96,2,78,4,0
C01025,114,30,6,28,2,0
C01026,101,31,4,43,0,0
C01027,62,42,2,50,0,3
C01028,77,16,4,23,2,1
C01029,144,56,3,51,2,0
C01030,144,84,6,93,3,2
C01031,168,23,5,46,0,0
C01032,92,79,2,44,0,1
C01033,122,49,0,67,3,0
C01034,81,57,3,32,0,1
C01035,128,24,0,36,0,0
C01036,147,52,1,43,1,1
C01037,89,33,3,32,0,0
C01038,64,38,0,41,0,0
C01039,129,44,2,86,0,0
C01040,61,20,0,25,0,0
C01041,127,40,1,61,0,1
C01042,107,24,0,58,0,0
C01043,91,48,7,48,0,0
C01044,104,46,4,36,1,0
C01045,122,47,6,45,0,2
C01046,142,50,0,59,0,1
C01047,143,22,2,23,1,1
C01048,93,54,5,28,2,0
C01049,88,16,1,24,0,0
C01050,72,22,3,40,0,0
C02001,375,55,17,121,3,3
C02002,51,7,14,8,5,2
C02003,177,15,29,53,10,2
C02004,125,2,40,14,7,5
C02005,136,10,38,27,10,2
C02006,286,28,4,85,1,1
C02007,194,8,43,26,6,6
C02008,285,33,18,65,4,4
C02009,141,14,31,28,12,4
C02010,121,1,25,14,7,3
C02011,282,35,12,95,8,0
C02012,263,28,2,91,5,0
C02013,162,16,40,35,8,2
C02014,187,22,43,34,12,5
C02015,73,7,22,13,5,0
C02016,244,32,6,79,2,1
C02017,95,4,20,20,20,2
C02018,225,17,14,87,0,0
C02019,300,24,7,122,4,3
C02020,252,20,69,35,10,1
C02021,204,20,54,16,9,2
C02022,312,35,29,74,3,0
C02023,87,9,35,26,7,2
C02024,101,7,17,60,3,2
C02025,228,22,37,72,4,2
C02026,193,27,28,46,7,2
C02027,117,4,22,15,12,6
C02028,121,23,16,65,1,1
C02029,115,4,18,21,4,0
C02030,223,35,8,91,0,0
C02031,139,19,45,26,1,4
C02032,75,14,13,42,2,1
C02033,92,2,23,9,7,0
C02034,124,1,50,22,7,4
C02035,71,6,1,12,0,0
C02036,332,27,28,80,5,1
C02037,192,21,10,39,1,0
C02038,315,28,17,108,5,0
C02039,146,29,13,44,5,2
C02040,377,40,53,106,3,9
C02041,62,2,32,8,9,1
C02042,105,2,43,12,3,2
C02043,247,20,17,74,4,1
C02044,94,5,48,16,7,6
C02045,132,13,45,35,15,5
C02046,186,15,75,34,10,10
C02047,78,3,35,16,8,1
C02048,79,3,19,9,8,1
C02049,214,29,13,37,2,0
C02050,83,19,9,56,8,1
C02051,119,5,22,10,7,3
C02052,173,16,34,22,14,5
C02053,179,27,8,28,1,0
C02054,238,40,4,57,2,1
C02055,105,18,4,20,1,0
C02056,122,10,40,26,14,1
C03001,120,6,48,22,8,5
C03002,191,9,58,29,5,3
C03003,179,15,27,46,7,2
C03004,91,8,43,19,0,3
C03005,98,12,63,12,9,3
C03006,26,1,3,7,0,0
C03007,174,6,83,19,4,8
C03008,136,4,42,26,2,3
C03009,141,15,47,21,13,2
C03010,57,4,14,5,3,1
C03011,128,14,55,24,11,4
C03012,111,5,46,16,7,1
C03013,25,15,4,120,0,0
C03014,59,2,83,6,6,1
C03015,135,11,85,16,12,3
C03016,111,15,48,13,8,0
C03017,68,2,44,10,1,2
C03018,50,5,24,12,6,0
C03019,15,7,1,32,0,0
C03020,100,6,37,18,8,3
C03021,57,2,19,12,3,1
C03022,80,3,34,4,2,0
C03023,131,8,50,16,8,3
C03024,173,12,59,45,6,4
C03025,102,3,16,21,4,5
C03026,34,1,17,2,2,0
C03027,124,9,42,16,7,3
C03028,326,44,15,98,0,0
C03029,135,5,36,10,7,3
C03030,87,15,32,21,5,6
C03031,185,7,61,31,14,10
C03032,118,17,31,20,3,4
C03033,133,12,64,37,15,7
C03034,105,8,47,24,7,4
C03035,128,16,48,16,15,3
C03036,34,2,23,4,3,0
C03037,57,3,22,10,7,1
C03038,209,8,97,20,7,3
C03039,220,8,68,11,10,5
C03040,121,14,48,23,11,13
C03041,103,7,63,15,3,4
C03042,108,6,33,14,5,4
C03043,22,1,12,0,1,1
C03044,40,1,8,4,1,1
C03045,217,24,39,45,3,3
C03046,20,0,17,8,4,0
C03047,67,5,30,17,3,6
C03048,111,5,41,7,4,4
C03049,36,7,12,4,1,0
C03050,76,2,34,17,6,4
C04001,189,78,52,52,6,5
C04002,208,16,63,34,7,8
C04003,167,19,71,31,10,6
C04004,189,8,56,23,8,11
C04005,217,25,97,27,9,10
C04006,55,4,38,11,1,4
C04007,201,17,69,33,6,11
C04008,210,12,58,29,12,2
C04009,339,22,88,34,14,12
C04010,167,15,57,27,7,7
C04011,131,7,41,15,6,3
C04012,87,8,37,21,4,10
C04013,130,35,30,20,2,3
C04014,104,4,26,17,9,8
C04015,153,20,39,31,8,4
C04016,169,14,75,28,13,2
C04017,203,21,43,23,9,5
C04018,138,18,50,28,4,16
C04019,160,12,62,18,9,3
C04020,123,7,52,16,9,3
C04021,192,49,50,46,11,3
C04022,220,49,36,37,5,13
C04023,125,26,27,26,2,5
C04024,175,21,39,27,6,7
C04025,174,8,77,29,5,7
C04026,158,17,74,30,7,8
C04027,141,10,41,21,7,2
C04028,112,21,21,20,4,1
C04029,194,15,18,26,4,2
C04030,131,14,38,33,3,6
C04031,102,81,8,11,0,1
C04032,200,45,30,29,1,1
C04033,152,22,42,28,11,4
C04034,132,55,14,17,3,2
C04035,89,8,32,15,3,12
C04036,122,10,34,23,3,3
C04037,3,0,1,0,1,0
C04038,232,38,75,44,8,4
C04039,108,6,36,20,10,10
C04040,145,5,71,21,4,6
C04041,67,43,6,18,1,3
C04042,181,16,63,37,9,10
C04043,97,31,23,12,3,3
C04044,100,13,30,12,3,2
C04045,307,29,80,32,8,7
C04046,92,13,42,21,10,6
C04047,188,67,53,34,7,5
C04048,252,41,41,37,8,2
C04049,123,8,50,15,4,5
C04050,151,11,51,35,9,3
C04051,167,12,48,25,8,7
C04052,164,8,78,20,16,9
C05001,149,18,60,38,12,5
C05002,117,5,38,23,6,7
C05003,74,16,13,14,2,4
C05004,97,5,51,15,5,1
C05005,121,9,47,13,5,5
C05006,145,7,72,36,13,5
C05007,145,19,69,24,10,2
C05008,240,51,10,25,2,1
C05009,130,5,48,37,10,4
C05010,118,10,36,16,5,5
C05011,142,29,21,25,3,4
C05012,104,6,23,18,7,4
C05013,120,16,63,16,11,8
C05014,206,50,49,28,9,8
C05015,145,27,34,14,2,0
C05016,104,10,32,20,7,3
C05017,150,7,42,19,3,4
C05018,156,13,37,16,6,7
C05019,66,5,21,8,7,6
C05020,68,3,10,15,4,2
C05021,161,11,49,6,11,4
C05022,160,16,59,19,9,5
C05023,90,3,36,14,11,3
C05024,174,15,29,21,1,2
C05025,142,7,51,19,12,1
C05026,173,5,55,22,16,8
C05027,197,51,15,40,7,0
C05028,174,4,57,21,7,6
C05029,138,14,45,25,6,9
C05030,152,34,17,27,4,0
C05031,143,10,43,21,7,4
C05032,250,20,78,38,13,9
C05033,116,6,52,4,4,2
C05034,192,10,55,19,7,4
C05035,130,20,22,15,5,3
C05036,71,1,22,9,8,1
C05037,118,27,17,29,6,1
C05038,197,41,25,23,6,2
C05039,230,53,14,34,2,0
C05040,150,3,32,14,10,2
C05041,174,37,4,28,0,0
C05042,169,9,55,17,10,3
C05043,146,13,68,20,6,4
C05044,161,14,40,29,12,9
C05045,71,3,39,4,3,4
C05046,164,31,19,29,3,1
C05047,113,9,36,11,9,1
C05048,106,24,28,21,3,2
C05049,30,2,16,8,0,1
C05050,116,1,31,12,4,4
C05051,82,5,36,18,7,1
C05052,4,1,0,0,0,0
C05053,183,29,31,26,10,3
C05054,208,20,77,39,6,14
C05055,161,6,26,22,1,3
C06001,176,13,86,34,7,6
C06002,148,11,71,30,11,5
C06003,188,7,66,16,13,5
C06004,99,1,58,12,4,7
C06005,74,2,27,6,6,0
C06006,135,11,55,21,5,5
C06007,150,4,49,23,9,0
C06008,201,8,92,24,10,10
C06009,147,11,60,20,16,5
C06010,235,9,91,25,6,8
C06011,156,13,61,22,7,6
C06012,114,6,42,11,8,5
C06013,148,2,54,7,6,4
C06014,145,10,52,25,9,4
C06015,103,3,33,12,9,4
C06016,187,9,71,25,19,5
C06017,165,13,86,33,6,10
C06018,85,1,27,15,13,3
C06019,163,13,68,27,16,6
C06020,148,9,46,17,11,2
C06021,159,6,66,23,15,2
C06022,145,6,52,25,7,3
C06023,141,4,41,17,4,4
C06024,132,6,57,19,12,6
C06025,122,2,35,11,7,2
C06026,171,12,63,25,9,5
C06027,184,8,67,33,15,8
C06028,238,9,121,57,10,8
C06029,184,11,83,32,10,9
C06030,132,3,41,18,11,7
C06031,183,7,69,33,11,6
C06032,137,5,62,20,3,6
C06033,182,10,61,33,11,11
C06034,124,5,50,19,8,2
C06035,135,5,68,18,9,6
C06036,79,6,35,16,5,3
C06037,174,18,75,24,21,9
C06038,144,12,74,19,8,1
C06039,109,7,49,19,8,0
C06040,69,4,26,18,7,2
C06041,148,9,85,32,18,3
C06042,80,2,36,8,3,3
C06043,160,13,72,17,10,7
C06044,159,10,58,18,9,9
C06045,104,10,58,22,9,2
C06046,129,8,64,16,7,7
C06047,160,8,70,25,6,8
C06048,143,5,37,9,6,8
C06049,150,7,67,22,12,6
C06050,182,11,59,12,14,5
C06051,96,0,54,13,8,2
C06052,94,8,21,15,6,1
C06053,135,7,62,22,5,3
C06054,143,7,56,12,5,15
C06055,132,2,53,21,1,2
C06056,27,3,23,6,2,1
C06057,93,5,29,6,4,1
C06058,161,15,79,19,8,8
C06059,160,4,43,27,2,10
C06060,87,5,37,12,13,7
C06061,74,4,27,15,8,0
C06062,137,4,48,18,7,5
C06063,112,5,51,24,6,5
C06064,170,9,70,40,7,5
C07001,253,13,89,44,14,4
C07002,159,12,51,19,8,2
C07003,90,7,42,12,7,0
C07004,99,13,36,26,6,3
C07005,99,18,26,26,4,1
C07006,111,6,54,9,9,3
C07007,113,9,22,11,7,3
C07008,36,5,16,18,2,1
C07009,120,8,57,17,10,6
C07010,105,3,27,20,5,0
C07011,144,14,53,23,8,10
C07012,112,11,21,24,7,2
C07013,101,2,35,16,3,2
C07014,140,15,58,19,9,5
C07015,72,5,26,9,17,1
C07016,81,1,27,13,12,1
C07017,71,1,33,4,5,2
C07018,84,10,26,27,7,1
C07019,183,10,79,27,16,2
C07020,46,0,17,14,1,3
C07021,123,9,38,30,10,9
C07022,89,9,25,21,7,7
C07023,151,8,42,19,7,3
C07024,117,1,57,24,8,4
C07025,156,9,76,34,9,5
C07026,175,9,56,27,8,4
C07027,214,11,70,21,20,9
C07028,129,6,63,20,10,6
C07029,123,6,53,18,8,1
C07030,147,8,62,28,4,5
C07031,135,4,43,25,7,4
C07032,93,11,17,31,4,1
C07033,114,18,33,18,1,5
C07034,115,8,31,27,5,3
C07035,155,17,71,28,10,7
C07036,135,4,47,26,4,2
C07037,67,2,20,8,2,1
C07038,87,6,35,11,8,4
C07039,121,2,42,16,9,4
C07040,166,6,65,29,3,8
C07041,126,9,31,19,3,5
C07042,194,11,57,27,9,8
C07043,154,11,45,21,11,5
C07044,216,9,93,31,10,7
C07045,200,18,80,31,11,8
C07046,79,5,30,17,2,3
C07047,123,4,33,20,10,2
C07048,128,5,30,16,7,4
C07049,71,4,26,8,2,3
C07050,97,9,43,10,6,4
C07051,196,15,91,32,12,7
C07052,104,7,36,18,5,2
C07053,107,4,41,16,7,0
C07054,50,4,18,12,1,3
C07055,124,4,39,21,10,0
C07056,129,7,37,13,7,4
C07057,94,1,51,18,6,5
C07058,172,9,60,28,8,6
C07059,70,3,12,25,5,2
C07060,85,3,25,15,3,4
C07061,113,11,50,11,2,2
C08001,161,9,62,26,6,6
C08002,63,4,28,14,3,5
C08003,177,7,91,33,10,5
C08004,145,10,52,26,2,3
C08005,147,12,101,26,5,5
C08006,150,9,63,22,14,5
C08007,126,5,47,22,5,2
C08008,165,9,78,20,6,6
C08009,177,9,77,22,13,10
C08010,209,23,69,30,7,10
C08011,136,11,55,17,13,12
C08012,125,6,56,18,10,4
C08013,116,3,49,24,7,0
C08014,71,9,28,10,6,3
C08015,107,7,48,10,10,5
C08016,139,8,68,32,8,7
C08017,136,8,44,28,15,6
C08018,94,4,32,7,5,5
C08019,168,13,75,23,8,4
C08020,102,5,50,12,9,2
C08021,127,9,52,12,7,4
C08022,130,3,45,17,10,0
C08023,113,6,48,16,10,10
C08024,143,10,50,38,4,12
C08025,133,3,48,24,13,6
C08026,118,5,29,6,3,7
C08027,168,9,70,30,8,2
C08028,139,9,32,26,4,4
C08029,120,11,70,25,12,0
C08030,128,7,53,22,6,9
C08031,113,8,36,5,4,0
C08032,216,9,56,32,18,2
C08033,124,6,52,23,5,4
C08034,178,10,69,34,8,7
C08035,186,9,59,23,3,11
C08036,134,8,37,16,5,8
C08037,156,7,58,26,12,5
C08038,134,5,52,24,5,4
C08039,158,5,44,24,4,3
C08040,112,2,48,11,5,4
C08041,116,3,35,18,9,6
C08042,154,13,64,27,5,4
C08043,111,4,36,6,7,8
C08044,103,7,49,29,3,7
C08045,123,2,31,14,7,4
C08046,115,7,45,22,9,3
C08047,147,7,70,24,11,2
C08048,122,9,55,22,3,0
C08049,169,11,73,29,11,5
C08050,157,9,46,26,8,10
C08051,180,17,70,25,5,4
C08052,149,6,64,17,6,11
C08053,159,6,66,30,8,11
C08054,136,7,67,24,11,5
C08055,122,4,42,11,12,1
C08056,148,5,42,25,11,3
C08057,137,11,44,7,7,5
C08058,140,6,64,19,17,7
C08059,82,4,27,14,3,3
C08060,116,13,46,17,8,4
C08061,107,7,46,25,7,5
C08062,127,13,60,22,3,9
C08063,154,17,53,24,7,3
C08064,138,8,46,15,5,8
C08065,77,7,36,18,8,2
C08066,206,10,67,27,12,5
C08067,95,3,36,20,6,4
C08068,86,5,31,8,8,2
C08069,75,6,40,7,5,5
C08070,180,6,56,27,6,4
C09001,147,5,71,37,13,10
C09002,156,3,49,18,7,3
C09003,58,2,12,5,5,0
C09004,119,0,66,23,12,7
C09005,156,5,73,26,10,6
C09006,140,1,77,25,8,10
C09007,134,3,30,19,3,5
C09008,162,2,48,28,8,3
C09009,178,7,81,32,7,11
C09010,119,9,59,19,5,4
C09011,101,2,45,16,10,2
C09012,133,4,41,18,8,7
C09013,168,5,64,24,5,4
C09014,204,8,76,31,11,4
C09015,117,3,42,12,5,8
C09016,95,2,43,9,12,5
C09017,128,1,43,21,7,2
C09018,155,9,49,21,13,1
C09019,146,5,54,25,10,1
C09020,133,8,64,29,12,8
C09021,134,5,51,10,13,4
C09022,159,10,71,32,7,5
C09023,90,5,52,16,4,1
C09024,52,1,28,8,7,2
C09025,101,26,11,49,4,3
C09026,90,0,23,13,6,1
C09027,146,3,51,13,4,1
C09028,60,8,20,30,2,1
C09029,98,5,57,20,6,7
C09030,138,13,62,31,6,1
C09031,103,3,50,23,6,5
C09032,148,5,40,20,9,3
C09033,118,3,30,12,6,3
C09034,116,2,46,13,13,4
C09035,162,8,68,27,10,4
C09036,143,4,86,24,14,6
C09037,117,22,13,55,5,2
C09038,151,5,35,15,11,7
C09039,170,5,60,32,10,5
C09040,166,10,56,19,8,7
C09041,142,6,73,20,5,5
C09042,53,6,14,7,1,1
C09043,75,2,31,13,10,1
C09044,77,5,30,6,6,6
C09045,123,2,48,14,9,2
C09046,120,3,44,14,5,4
C09047,168,12,48,26,12,5
C09048,148,12,74,23,11,10
C09049,108,3,16,11,4,2
C09050,144,7,63,14,10,7
C09051,62,3,42,23,13,2
C09052,148,12,63,25,7,2
C09053,71,1,38,8,4,2
C10001,121,11,16,55,2,1
C10002,90,12,2,100,0,0
C10003,93,9,1,163,0,0
C10004,58,18,16,87,5,1
C10005,112,14,6,94,4,1
C10006,129,4,46,24,6,3
C10007,25,6,4,20,0,4
C10008,79,16,1,130,1,2
C10009,79,9,2,169,0,0
C10010,82,19,2,171,0,0
C10011,65,32,6,185,0,0
C10012,96,19,0,111,2,0
C10013,75,16,1,139,1,3
C10014,68,18,4,190,1,1
C10015,43,9,0,57,1,1
C10016,86,16,2,157,1,1
C10017,76,24,3,132,2,1
C10018,42,12,12,72,0,1
C10019,112,33,3,160,3,0
C10020,73,17,3,129,0,0
C10021,92,12,5,135,1,1
C10022,72,8,13,56,0,1
C10023,52,15,0,114,0,0
C10024,103,11,0,131,1,2
C10025,87,31,25,100,4,4
C10026,63,25,2,107,1,0
C10027,113,26,0,189,0,0
C10028,120,4,24,27,6,7
C10029,112,2,31,35,8,1
C10030,59,20,2,167,1,1
C10031,64,31,1,163,0,0
C10032,77,26,5,143,2,0
C10033,53,31,4,162,1,0
C10034,63,22,0,143,1,2
C10035,65,22,3,127,2,1
C10036,85,10,19,147,2,0
C10037,63,9,8,53,1,2
C10038,103,19,1,165,0,1
C10039,77,19,6,129,1,0
C10040,69,13,10,91,4,0
C10041,87,17,2,220,1,0
C10042,91,19,3,149,2,1
C10043,45,23,8,41,1,1
C10044,66,34,2,118,0,0
C10045,47,11,2,88,0,1
C10046,89,30,1,143,1,1
C10047,73,26,1,141,0,0
C10048,96,10,17,32,3,3
C11001,153,22,4,135,0,1
C11002,82,27,4,127,0,2
C11003,75,26,3,82,2,0
C11004,101,38,2,100,0,1
C11005,67,23,4,54,0,0
C11006,85,58,1,139,0,1
C11007,97,25,4,97,2,1
C11008,84,32,2,109,1,0
C11009,80,11,2,74,1,2
C11010,43,24,0,72,0,1
C11011,185,30,3,160,2,0
C11012,103,9,1,159,1,0
C11013,87,16,2,113,1,0
C11014,100,23,2,82,1,0
C11015,60,15,0,136,2,0
C11016,136,37,4,108,0,1
C11017,117,56,0,139,4,0
C11018,78,31,4,84,1,0
C11019,86,44,2,75,1,0
C11020,83,15,1,96,2,0
C11021,90,8,4,126,0,1
C11022,112,18,3,75,0,1
C11023,93,15,1,72,0,1
C11024,200,11,2,199,1,0
C11025,124,17,1,94,2,0
C11026,115,35,1,153,0,2
C11027,124,30,4,104,3,1
C11028,74,12,2,84,1,0
C11029,106,31,3,132,0,2
C11030,64,36,3,124,0,0
C11031,82,9,0,104,0,0
C11032,78,9,2,108,0,1
C11033,91,5,0,63,0,0
C11034,76,8,15,59,3,2
C11035,112,30,4,203,0,1
C11036,44,5,1,16,1,0
C11037,119,12,1,181,1,1
C11038,157,20,1,159,0,0
C11039,169,16,1,178,0,0
C11040,79,13,0,64,1,0
C11041,74,9,0,63,0,0
C11042,85,6,2,95,0,0
C11043,121,16,0,137,0,2
C11044,124,31,1,85,1,0
C11045,53,3,3,69,0,1
C11046,74,4,5,65,0,2
C11047,101,19,4,82,0,4
C11048,39,5,0,63,0,0
C11049,67,11,1,142,0,0
C11050,62,17,1,53,0,0
C12001,27,40,4,65,1,2
C12002,54,23,4,97,3,0
C12003,56,34,3,91,0,1
C12004,33,24,1,86,1,1
C12005,32,21,0,91,2,0
C12006,32,35,7,55,0,0
C12007,70,80,1,98,1,0
C12008,100,49,5,181,2,1
C12009,35,19,2,122,0,1
C12010,60,27,0,115,0,0
C12011,71,38,3,151,1,0
C12012,32,32,4,120,1,0
C12013,106,39,4,150,1,2
C12014,65,26,3,113,1,1
C12015,49,32,0,90,1,0
C12016,44,31,3,109,1,1
C12017,90,33,25,86,5,3
C12018,75,43,7,82,3,1
C12019,72,51,2,138,2,5
C12020,40,33,1,91,2,1
C12021,73,24,2,109,0,0
C12022,38,37,1,56,0,0
C12023,72,21,2,114,1,3
C12024,77,44,1,117,1,0
C13001,116,18,1,132,0,2
C13002,67,22,5,86,0,2
C13003,100,43,1,139,0,0
C13004,149,17,9,259,0,1
C13005,103,31,1,160,0,1
C13006,95,37,3,110,0,1
C13007,89,30,6,104,4,2
C13008,91,28,0,169,0,0
C13009,97,19,0,163,0,0
C13010,77,18,3,115,3,2
C13011,86,27,7,102,1,0
C13012,85,28,0,108,3,0
C13013,110,21,3,158,0,2
C13014,76,24,3,130,0,1
C13015,134,48,1,147,0,1
C13016,125,35,1,145,2,3
C13017,82,27,2,166,0,0
C13018,58,31,5,111,3,2
C13019,126,36,9,122,2,2
C13020,73,36,1,112,1,0
C13021,124,19,19,129,2,5
C13022,79,18,1,112,1,0
C13023,79,32,1,147,0,0
C13024,107,28,7,115,0,4
C13025,92,24,4,126,0,0
C13026,102,13,0,149,0,1
C13027,140,22,5,115,0,1
C13028,77,22,1,111,2,1
C13029,67,18,2,134,1,0
C13030,106,53,3,182,2,0
C13031,94,29,4,128,1,1
C13032,133,11,33,41,12,2
C13033,87,20,3,112,0,1
C13034,132,67,0,152,1,0
C13035,91,45,1,128,1,0
C13036,49,9,0,72,0,0
C13037,109,32,18,96,2,2
C13038,96,32,7,125,0,1
C13039,87,25,0,146,0,3
C13040,100,33,4,143,2,1
C13041,88,30,5,106,2,0
C13042,84,27,11,116,3,1
C13043,95,29,2,153,0,1
C13044,123,44,3,172,1,1
C13045,98,24,1,184,0,1
C13046,113,49,3,133,0,0
C13047,108,32,4,117,1,1
C14001,26,10,0,59,0,0
C14002,58,21,2,105,0,0
C14003,66,34,9,106,0,0
C14004,41,24,2,98,1,0
C14005,45,39,2,146,1,0
C14006,34,31,1,114,0,0
C14007,51,21,2,104,0,0
C14008,35,19,0,67,2,0
C14009,35,36,0,133,0,0
C14010,43,40,3,125,0,2
C14011,19,18,1,123,2,1
C14012,42,14,1,105,2,0
C14013,73,23,0,121,1,0
C14014,36,16,2,106,0,0
C14015,41,18,1,149,0,1
C14016,53,27,1,119,1,0
C14017,38,20,6,183,2,1
C14018,41,31,0,82,2,0
C14019,59,41,3,146,3,0
C14020,43,17,1,94,0,0
C14021,31,20,1,150,0,0
C14022,57,48,2,148,1,0
C14023,64,27,0,134,0,0
C14024,28,10,4,90,0,0
C14025,86,17,1,100,0,0
C14026,42,25,1,108,0,0
C14027,85,36,2,135,3,3
C14028,55,22,1,105,0,3
C14029,57,29,4,142,1,0
C14030,41,18,1,106,0,0
C14031,35,15,0,117,1,0
C14032,43,23,4,53,1,1
C14033,30,20,3,94,0,0
C14034,31,19,2,94,0,0
C14035,39,32,0,110,1,0
C15001,61,18,24,44,5,1
C15002,67,10,39,4,8,0
C15003,59,1,32,14,6,5
C15004,90,3,35,6,6,5
C15005,78,3,34,11,4,2
C15006,74,12,31,27,3,1
C15007,86,3,37,14,5,3
C15008,113,1,58,16,13,3
C15009,86,9,34,23,8,3
C15010,39,36,1,57,0,0
C15011,104,14,26,19,6,6
C15012,39,1,28,8,3,0
C15013,42,26,14,39,2,3
C15014,78,44,8,92,1,0
C15015,63,21,17,54,0,0
C15016,44,19,7,47,0,0
C15017,99,3,43,12,9,8
C15018,68,1,24,7,4,4
C15019,100,3,21,7,11,3
C15020,47,3,20,5,6,1
C15021,80,3,38,9,8,2
C15022,112,10,51,27,5,4
C15023,59,3,29,14,3,1
C15024,70,7,22,32,7,4
C15025,70,25,19,44,7,1
C15026,89,4,29,8,3,3
C15027,80,4,29,13,6,1
C15028,70,33,5,100,2,0
C15029,32,1,18,5,2,1
C15030,76,10,32,25,3,6
C15031,74,1,32,3,4,0
C15032,59,11,17,45,2,2
C15033,82,4,37,6,6,2
C15034,78,4,45,6,8,1
C15035,118,2,39,9,7,1
C15036,73,3,38,15,4,3
C15037,67,0,21,10,1,1
C15038,74,8,19,20,4,4
C15039,77,6,42,15,10,3
C15040,74,4,30,11,3,0
C15041,138,9,36,34,6,4
C15042,57,0,16,9,5,1
C15043,79,4,31,4,2,0
C15044,93,21,20,38,4,2
C15045,34,9,7,21,2,2
C15046,66,2,18,5,0,2
C15047,122,1,36,20,6,3
C15048,72,7,11,15,5,1
C15049,49,5,12,40,4,0
C15050,82,5,35,19,5,2
C15051,56,1,30,11,2,2
C15052,61,1,32,12,5,5
C16001,43,9,15,19,1,1
C16002,68,5,26,7,3,0
C16003,100,3,40,5,7,2
C16004,30,18,10,57,0,2
C16005,74,5,56,11,7,2
C16006,36,4,14,8,2,0
C16007,67,7,38,23,7,3
C16008,96,8,19,23,1,1
C16009,109,3,51,14,10,6
C16010,120,5,54,13,7,12
C16011,85,11,32,35,8,4
C16012,58,4,20,12,2,0
C16013,50,20,7,76,3,1
C16014,86,2,51,9,2,2
C16015,89,2,40,18,4,2
C16016,90,2,40,14,7,2
C16017,55,21,4,73,0,1
C16018,96,5,37,10,4,4
C16019,108,5,38,22,4,2
C16020,67,4,43,11,2,1
C16021,56,33,3,85,0,0
C16022,72,0,31,10,4,2
C16023,41,26,6,57,2,2
C16024,49,2,23,5,4,1
C16025,70,5,21,9,3,2
C16026,84,2,45,13,6,1
C16027,146,7,55,20,10,7
C16028,89,5,57,13,4,8
C16029,65,3,18,10,6,2
C16030,69,7,25,7,4,0
C16031,112,4,37,16,4,2
C16032,55,25,2,88,0,0
C16033,60,5,21,12,2,1
C16034,77,4,27,5,5,3
C16035,57,24,11,74,2,1
C16036,85,1,35,10,15,1
C16037,42,3,20,5,2,3
C16038,71,2,22,10,3,3
C16039,74,26,5,86,1,0
C16040,80,8,56,11,7,3
C16041,33,3,30,8,0,1
C16042,41,27,3,93,2,0
C16043,82,2,57,11,6,2
C16044,79,12,21,28,8,2
C17001,62,4,26,8,3,2
C17002,95,8,49,9,6,7
C17003,73,3,43,9,3,1
C17004,172,5,56,22,13,5
C17005,90,3,32,12,10,0
C17006,94,1,31,6,0,1
C17007,121,5,40,21,8,4
C17008,91,3,30,7,4,4
C17009,76,5,31,8,10,5
C17010,102,5,38,20,8,5
C17011,95,2,42,22,7,2
C17012,174,6,54,19,8,4
C17013,61,2,35,3,4,5
C17014,102,5,33,11,5,2
C17015,127,4,38,18,8,8
C17016,75,4,31,7,8,3
C17017,54,2,30,11,4,0
C17018,140,4,40,17,6,1
C17019,51,1,16,3,3,2
C17020,91,3,40,17,9,0
C17021,160,12,65,19,7,6
C17022,113,5,50,13,8,6
C17023,75,3,22,5,7,3
C17024,90,5,41,18,17,2
C17025,65,5,18,14,9,2
C17026,125,5,47,25,13,5
C17027,144,6,48,19,11,3
C17028,101,4,32,23,6,1
C17029,101,3,52,12,9,1
C17030,98,4,54,17,9,2
C17031,99,2,39,11,6,1
C17032,125,3,47,5,11,2
C17033,100,5,21,14,2,3
C17034,84,1,33,10,13,1
C17035,60,7,25,11,5,0
C17036,68,0,27,2,2,1
C17037,87,2,29,16,6,3
C17038,95,3,39,6,3,1
C17039,97,4,41,13,3,4
C17040,87,2,31,12,8,6
C17041,95,3,24,4,1,0
C17042,77,2,32,7,12,4
C17043,80,4,33,7,3,5
C17044,61,4,35,11,11,1
C17045,65,5,22,7,4,1
C17046,93,3,40,13,1,3
C17047,57,3,28,9,8,1
C17048,90,3,39,10,10,8
C17049,81,2,24,6,3,2
C17050,93,1,37,16,11,4
C17051,113,3,28,11,46,5
C17052,150,6,60,17,15,2
C17053,107,3,47,15,6,3
C17054,146,7,47,23,7,1
C17055,99,4,27,19,9,3
C17056,89,2,47,10,9,6
C17057,116,3,49,26,6,2
C17058,83,6,34,7,7,0
C17059,54,0,19,7,5,3
C17060,163,4,47,14,12,4
C17061,94,4,33,11,6,6
C17062,77,3,35,13,4,1
C17063,78,4,24,12,5,0
C17064,59,2,36,10,7,5
C18001,69,4,14,26,4,2
C18002,138,14,52,57,9,6
C18003,59,29,12,135,1,3
C18004,148,6,71,52,9,6
C18005,147,5,41,14,6,4
C18006,86,11,19,129,6,2
C18007,123,10,42,68,5,4
C18008,57,3,21,21,6,1
C18009,138,6,59,67,13,7
C18010,198,19,86,107,16,3
C18011,122,27,24,61,1,6
C18012,170,10,71,55,16,6
C18013,150,12,51,72,10,13
C18014,179,11,59,42,13,5
C18015,68,19,15,58,3,0
C18016,163,6,72,58,12,3
C18017,124,14,28,67,5,4
C18018,124,10,80,24,9,8
C18019,181,6,72,28,14,10
C18020,128,9,69,19,16,7
C18021,180,21,65,81,15,4
C18022,208,9,64,59,11,8
C18023,114,8,49,42,8,8
C18024,173,8,71,28,14,3
C18025,160,4,56,23,10,5
C18026,112,9,52,40,7,15
C18027,122,16,44,36,10,3
C18028,84,17,5,155,2,1
C18029,136,12,37,85,5,1
C18030,117,7,40,11,6,3
C18031,135,9,33,38,12,5
C18032,205,3,76,28,8,7
C18033,118,1,35,13,10,6
C18034,171,20,76,73,14,9
C18035,185,14,45,76,17,8
C18036,84,5,35,57,8,1
C18037,137,12,36,43,6,7
C18038,169,7,73,23,6,1
C18039,115,7,44,48,11,7
C18040,188,12,79,55,15,8
C18041,109,18,20,141,2,3
C18042,112,10,27,34,6,0
C18043,80,29,15,66,4,2
C18044,92,12,24,37,8,2
C18045,163,9,68,20,8,3
C18046,167,2,52,20,8,5
C18047,122,11,36,25,3,2
C18048,68,19,3,82,1,0
C18049,90,5,41,15,5,4
C18050,140,5,34,27,5,2
C18051,166,11,68,22,20,4
C18052,163,7,71,16,8,5
C18053,125,2,28,14,9,3
C18054,152,5,62,36,4,3
C18055,83,13,14,165,0,1
C18056,89,12,30,100,7,0
C18057,94,22,24,51,4,1
C18058,133,4,38,15,7,4
C18059,136,7,51,27,8,7
C18060,178,4,58,18,13,4
C18061,166,9,43,13,8,3
C18062,75,25,10,75,3,0
C19001,134,21,4,241,2,1
C19002,161,29,35,93,4,5
C19003,67,11,1,290,0,0
C19004,129,20,7,227,1,2
C19005,190,29,42,113,9,6
C19006,91,15,2,253,0,1
C19007,120,26,4,222,0,1
C19008,69,11,3,238,0,0
C19009,63,10,2,218,0,0
C19010,248,29,30,151,4,5
C19011,88,22,6,357,1,0
C19012,83,15,0,283,0,0
C19013,136,10,48,39,4,7
C19014,242,34,12,131,4,0
C19015,82,18,0,275,2,0
C19016,92,17,2,355,1,0
C19017,114,31,1,251,1,2
C19018,204,37,22,157,0,1
C19019,182,40,28,143,1,0
C19020,165,37,37,98,2,0
C19021,83,17,1,217,0,1
C19022,204,23,26,172,3,1
C19023,157,29,2,270,1,1
C19024,88,23,1,231,1,2
C19025,188,33,22,188,6,1
C19026,211,25,17,158,3,1
C19027,111,22,23,66,8,4
C19028,178,26,63,62,15,7
C19029,83,21,0,287,2,0
C19030,93,21,1,297,0,1
C19031,151,30,16,177,2,2
C19032,103,28,2,262,2,0
C19033,108,17,0,338,1,1
C19034,178,35,7,142,3,5
C19035,151,26,22,153,2,1
C19036,209,31,54,101,11,5
C19037,171,40,29,131,7,5
C19038,190,30,44,73,11,6
C19039,63,5,21,26,3,1
C19040,182,32,17,160,3,2
C19041,70,16,0,223,0,0
C19042,190,27,47,101,5,1
C19043,241,17,104,54,12,4
C19044,93,19,1,284,2,0
C19045,131,29,3,241,3,0
C19046,199,20,1,255,0,1
C19047,199,40,58,192,8,7
C19048,252,13,89,48,12,7
C19049,220,39,65,83,7,6
C19050,190,18,63,36,12,10
C19051,72,25,2,208,1,0
C19052,85,15,3,234,0,1
C19053,134,26,7,216,2,0
C19054,87,8,0,240,0,0
C19055,96,15,0,221,1,1
C19056,236,33,30,131,1,1
C19057,200,34,29,159,7,4
C19058,99,12,4,301,0,1
C19059,103,24,3,337,1,1
C19060,133,11,53,43,13,7
C19061,197,20,2,266,2,0
C19062,100,22,9,214,2,2
C19063,105,18,36,82,4,2
C20001,102,8,39,21,9,1
C20002,108,8,34,8,5,4
C20003,95,2,38,17,3,1
C20004,39,25,6,94,1,1
C20005,78,1,27,10,1,5
C20006,118,6,54,16,6,6
C20007,31,6,19,3,1,0
C20008,14,12,0,47,1,2
C20009,159,21,58,32,9,8
C20010,92,4,49,12,4,0
C20011,58,0,22,7,4,1
C20012,65,1,23,12,8,0
C20013,90,1,36,11,9,4
C20014,148,4,50,14,10,5
C20015,57,35,3,97,1,0
C20016,156,19,47,24,9,2
C20017,65,4,34,7,7,4
C20018,83,1,34,11,9,2
C20019,82,5,40,10,3,3
C20020,35,4,26,7,4,0
C20021,31,8,3,66,0,2
C20022,168,20,56,30,5,11
C20023,167,7,44,11,9,2
C20024,120,15,41,26,8,2
C20025,78,2,36,20,8,2
C20026,94,5,73,24,8,6
C20027,85,5,37,8,6,5
C20028,119,6,28,14,4,3
C20029,118,9,49,21,9,9
C20030,88,3,36,14,8,4
C20031,108,6,43,15,11,2
C20032,79,6,29,5,1,2
C20033,103,4,43,16,6,7
C20034,183,39,38,25,14,6
C20035,40,0,20,9,5,0
C20036,90,3,25,17,3,4
C20037,94,8,52,12,10,6
C20038,27,2,7,3,0,0
C20039,105,4,35,21,8,5
C20040,83,5,31,7,5,0
C20041,9,13,2,30,1,1
C20042,94,3,23,9,9,5
C20043,33,0,14,1,1,2
C20044,131,11,69,20,8,4
C20045,62,2,32,11,3,5
C20046,96,13,27,20,5,3
C20047,77,3,34,11,5,4
C20048,42,2,19,1,1,4
C20049,73,4,30,9,5,2
C20050,48,3,17,7,3,3
C21001,211,11,67,35,10,9
C21002,132,8,42,16,12,9
C21003,116,8,32,13,7,6
C21004,142,11,48,21,12,3
C21005,131,5,57,29,12,6
C21006,118,6,42,13,6,1
C21007,152,4,54,29,6,5
C21008,154,9,58,16,14,5
C21009,158,1,53,20,10,2
C21010,104,2,39,25,4,3
C21011,139,9,51,20,11,2
C21012,156,4,65,14,7,2
C21013,92,3,26,6,7,2
C21014,140,4,52,15,7,2
C21015,100,6,51,12,7,2
C21016,130,4,49,23,10,0
C21017,140,7,54,18,10,12
C21018,127,1,44,21,11,4
C21019,103,8,52,18,7,3
C21020,86,3,24,26,6,2
C21021,145,10,66,20,12,9
C21022,128,4,49,15,6,2
C21023,103,1,50,12,7,6
C21024,141,6,65,20,7,4
C21025,98,5,57,22,5,8
C21026,104,5,60,15,7,9
C21027,189,5,63,18,14,3
C21028,130,4,38,17,5,3
C21029,62,3,25,9,5,3
C21030,92,5,39,13,8,3
C21031,188,9,71,34,13,4
C21032,101,10,55,26,10,1
C21033,130,11,53,22,11,3
C21034,170,3,48,23,18,4
C21035,77,6,23,12,5,2
C21036,117,6,28,10,11,5
C21037,149,3,47,32,11,9
C21038,120,3,70,23,16,3
C21039,109,2,47,24,3,2
C21040,118,7,48,22,14,4
C21041,85,7,56,11,4,4
C21042,128,5,63,18,7,4
C21043,141,4,39,17,12,0
C21044,132,8,51,14,4,4
C21045,113,4,38,21,9,7
C21046,93,3,23,19,4,3
C21047,183,11,71,32,7,4
C21048,143,11,44,18,5,2
C21049,154,15,74,23,11,10
C21050,140,6,60,21,11,8
C21051,136,7,57,18,9,8
C21052,142,6,56,16,6,1
C21053,130,8,59,12,7,3
C21054,116,2,62,20,9,3
C21055,161,2,51,19,8,3
C21056,117,3,43,10,6,4
C21057,116,7,46,16,19,3
C21058,103,3,48,19,4,4
C21059,170,7,57,26,11,6
C21060,142,5,54,19,13,8
C21061,165,10,46,18,9,4
C21062,109,5,56,30,6,5
C21063,118,7,56,15,5,3
C21064,53,2,31,8,4,4
C21065,157,19,90,37,17,3
C21066,112,2,47,19,5,3
C21067,153,4,54,13,9,8
C21068,152,2,36,19,11,8
C21069,100,3,47,14,9,0
C21070,118,6,35,13,12,3
C21071,109,2,47,23,3,1
C21072,142,7,60,24,9,2
C21073,170,11,52,25,11,9
C21074,43,0,27,3,2,1
C22001,27,42,3,55,0,0
C22002,32,41,3,62,0,0
C22003,34,64,1,92,1,0
C22004,38,46,0,83,0,0
C22005,50,60,1,100,1,0
C22006,30,50,0,80,0,1
C22007,89,8,55,16,2,3
C22008,30,25,2,77,1,0
C22009,31,57,1,87,1,1
C22010,48,58,1,87,0,0
C22011,40,43,0,92,0,0
C22012,46,41,2,61,0,0
C22013,65,35,3,105,0,1
C22014,42,25,13,35,2,0
C22015,26,34,1,63,1,0
C22016,56,51,2,96,0,0
C22017,35,50,0,85,1,0
C22018,45,61,2,93,0,0
C22019,78,8,14,14,9,1
C22020,46,38,2,101,1,0
C22021,117,7,24,8,10,1
C22022,28,45,0,79,0,0
C22023,52,62,9,83,1,0
C22024,29,34,1,72,0,0
C22025,31,51,1,65,0,0
C22026,45,34,0,79,1,0
C22027,54,63,1,100,0,1
C22028,18,33,3,56,0,0
C22029,30,22,2,56,1,0
C23001,84,12,3,207,1,1
C23002,109,16,3,262,3,2
C23003,135,17,0,194,2,0
C23004,121,20,0,166,1,0
C23005,91,24,2,97,0,0
C23006,134,22,5,143,0,2
C23007,121,15,1,173,2,0
C23008,94,29,5,179,1,2
C23009,121,47,3,134,0,4
C23010,112,40,2,160,2,0
C23011,129,25,4,196,0,0
C23012,134,20,2,202,1,0
C23013,129,24,2,242,1,0
C23014,109,18,0,168,0,1
C23015,104,8,3,207,2,1
C23016,119,17,2,205,2,1
C23017,133,24,2,232,1,1
C23018,91,13,0,153,0,1
C23019,84,22,0,175,2,0
C23020,104,9,4,170,1,0
C23021,164,1,69,19,12,2
C23022,101,28,2,169,0,0
C23023,107,23,3,188,0,0
C23024,49,22,8,100,1,0
C23025,93,33,1,108,0,4
C23026,121,22,2,202,1,2
C23027,99,22,1,189,0,0
C23028,121,17,4,205,1,0
C23029,85,37,2,120,1,0
C23030,92,23,0,183,0,0
C23031,105,29,12,102,1,4
C23032,152,30,7,93,4,2
C23033,158,24,2,145,0,1
C23034,114,24,2,115,1,1
C23035,123,3,40,11,3,4
C23036,166,18,3,244,0,0
C23037,98,2,35,13,4,1
C23038,93,18,3,157,1,0
C23039,89,23,1,179,1,0
C23040,124,18,3,177,1,0
C23041,124,15,4,132,3,0
C23042,100,23,1,146,0,0
C23043,140,30,2,218,2,0
C23044,117,19,3,187,0,0
C23045,131,32,4,236,0,1
C23046,103,16,1,213,1,0
C23047,125,31,2,216,3,3
C23048,95,18,2,130,2,0
C23049,125,28,2,254,2,1
C23050,72,16,2,91,1,1
C23051,101,16,2,121,2,2
C23052,142,22,3,229,1,1
C23053,73,17,2,108,1,0
C23054,159,18,7,192,0,2
C24001,150,8,54,22,10,5
C24002,66,5,28,11,10,2
C24003,107,5,26,10,5,2
C24004,110,7,26,15,7,4
C24005,99,7,37,9,4,5
C24006,120,10,40,13,9,6
C24007,106,2,27,12,7,1
C24008,78,4,41,16,10,3
C24009,110,8,31,13,10,3
C24010,92,3,39,8,4,0
C24011,62,1,23,7,2,1
C24012,118,1,31,4,5,1
C24013,80,3,40,13,4,1
C24014,115,3,54,19,18,5
C24015,76,3,33,15,6,4
C24016,64,2,26,8,3,0
C24017,86,3,38,15,2,3
C24018,79,1,24,8,4,3
C24019,52,1,27,11,6,2
C24020,73,2,32,12,5,1
C24021,45,3,39,12,3,0
C24022,111,5,37,19,9,9
C24023,63,1,18,7,7,2
C24024,62,0,22,11,1,2
C24025,139,2,39,12,13,0
C24026,112,5,48,12,8,2
C24027,60,4,22,13,5,3
C24028,127,7,59,14,3,2
C24029,111,5,48,13,6,3
C24030,109,8,43,19,9,0
C24031,106,7,28,11,7,6
C24032,86,5,44,19,13,3
C24033,66,3,26,18,4,2
C24034,108,5,37,15,7,2
C24035,145,4,64,15,14,4
C24036,86,8,36,18,6,1
C24037,111,2,47,11,10,3
C24038,100,13,51,26,11,2
C24039,103,4,29,24,6,2
C24040,109,14,55,19,4,4
C24041,109,5,26,15,8,4
C24042,80,5,22,9,4,3
C24043,143,1,58,8,9,2
C24044,144,23,44,27,21,1
C24045,78,5,35,12,4,2
C24046,108,5,44,25,6,4
C24047,92,3,25,13,12,2
C24048,77,1,25,7,2,2
C24049,203,6,70,23,11,8
C24050,198,10,61,19,11,1
C24051,162,8,55,18,10,2
C24052,85,2,40,15,5,0
C24053,44,44,4,79,1,0
C24054,121,4,60,15,10,5
C24055,101,1,32,17,7,4
C24056,133,5,42,13,10,8
C25001,80,44,4,125,1,0
C25002,90,128,1,187,5,0
C25003,111,18,16,57,3,4
C25004,143,39,1,121,2,1
C25005,83,54,3,120,0,0
C25006,72,57,2,95,2,2
C25007,65,76,4,108,4,0
C25008,67,67,3,117,0,2
C25009,94,74,9,172,3,0
C25010,61,28,13,69,2,0
C25011,88,88,5,127,1,1
C25012,123,56,3,99,0,0
C25013,81,81,1,155,2,0
C25014,87,23,8,90,2,2
C25015,80,46,6,146,3,2
C25016,87,27,8,72,0,2
C25017,164,91,22,165,5,4
C25018,188,39,22,121,2,3
C25019,81,81,4,159,1,1
C25020,78,76,5,146,1,0
C25021,84,17,6,66,1,2
C25022,33,39,4,59,0,0
C25023,106,90,6,167,3,0
C25024,79,90,2,169,0,3
C25025,140,20,3,67,1,0
C25026,79,28,1,77,0,0
C25027,121,17,6,80,2,0
C25028,160,31,1,119,3,1
C25029,364,37,41,152,2,2
C25030,78,79,1,128,2,3
C25031,64,36,3,67,1,1
C26001,56,44,1,37,0,0
C26002,85,60,8,51,0,2
C26003,65,43,8,30,0,2
C26004,43,51,0,22,1,0
C26005,71,78,7,40,2,3
C26006,34,54,4,32,0,0
C26007,63,25,1,28,1,0
C26008,55,55,6,21,1,0
C26009,28,46,1,31,0,0
C26010,39,44,2,32,0,0
C26011,52,60,0,33,2,1
C26012,38,33,5,14,1,0
C26013,65,77,1,29,1,1
C26014,24,39,1,25,0,0
C26015,41,54,2,31,0,0
C26016,39,32,1,19,1,0
C26017,49,14,2,61,0,1
C26018,29,28,3,33,0,0
C26019,98,91,5,38,2,1
C26020,66,53,4,37,1,0
C26021,53,52,15,15,3,0
C26022,48,35,1,27,0,0
C26023,38,31,1,41,0,0
C26024,48,31,3,34,0,0
C26025,19,14,1,9,0,0
C26026,25,35,3,26,0,0
C26027,56,53,1,25,1,2
C26028,56,45,7,25,2,0
C26029,44,51,1,36,3,1
C26030,28,49,5,29,0,0
C26031,59,62,3,17,4,0
C26032,80,29,2,53,1,0
C26033,36,24,0,25,1,0
C26034,66,62,4,23,2,0
C26035,92,28,2,54,0,0
C26036,37,45,10,17,2,0
C26037,26,38,3,22,0,0
C26038,44,29,3,17,2,0
C26039,56,51,4,19,1,0
C26040,37,38,0,18,1,0
C26041,42,80,3,28,3,0
C26042,39,47,3,20,1,0
C26043,33,33,1,31,0,2
C26044,31,19,7,7,6,1
C26045,64,66,8,26,3,0
C26046,124,31,0,58,0,0
C26047,33,31,1,18,0,0
C26048,83,57,9,25,2,0
C26049,41,40,6,14,2,1
C26050,39,31,2,12,2,0
C26051,63,66,0,24,0,1
C26052,17,25,2,11,0,0
C26053,62,32,1,27,0,0
C26054,37,37,3,24,1,0
C26055,40,46,3,24,1,0
C26056,53,37,4,12,0,1
C26057,34,47,3,36,2,1
C26058,40,52,5,13,1,0
C26059,50,70,11,17,1,1
C26060,44,42,3,26,1,0
C26061,25,41,2,23,0,0
C26062,57,70,2,36,0,0
C26063,10,20,3,15,0,0
C27001,271,23,3,87,0,2
C27002,62,13,30,18,6,2
C27003,78,11,23,6,8,1
C27004,67,31,15,18,2,0
C27005,90,5,3,28,1,0
C27006,31,0,3,2,1,0
C27007,178,25,11,46,1,0
C27008,90,3,30,10,8,2
C27009,180,9,32,24,5,2
C27010,211,12,45,32,12,6
C27011,137,19,9,41,1,1
C27012,227,5,11,51,3,0
C27013,136,37,1,40,0,1
C27014,145,8,58,13,12,6
C27015,60,8,24,10,4,0
C27016,45,5,1,20,0,0
C27017,176,19,2,73,1,1
C27018,104,27,0,67,0,5
C27019,97,12,23,11,3,1
C27020,135,3,32,7,7,3
C27021,106,12,22,15,6,1
C27022,104,7,40,14,6,1
C27023,17,1,10,2,2,3
C27024,68,19,36,8,4,1
C27025,55,7,20,7,5,0
C27026,103,7,37,13,10,3
C27027,106,8,29,18,11,0
C27028,136,16,18,40,5,2
C27029,55,9,29,26,5,3
C27030,62,4,6,9,5,0
C27031,76,6,32,9,3,2
C27032,124,46,15,43,2,2
C27033,97,13,13,22,5,1
C27034,130,1,33,6,6,1
C27035,93,38,2,35,1,1
C27036,112,7,31,21,11,4
C27037,183,19,21,24,3,2
C27038,97,33,2,31,1,0
C27039,50,4,15,8,8,0
C27040,84,5,22,6,6,1
C27041,143,48,0,75,0,2
C27042,143,10,8,30,0,0
C27043,31,4,16,4,2,2
C27044,62,1,33,1,3,1
C27045,68,4,18,7,7,4
C27046,88,10,30,20,1,0
C27047,76,2,18,9,12,3
C27048,120,5,35,13,7,0
C27049,76,10,23,13,9,4
C27050,201,28,3,49,1,1
C27051,12,0,3,1,1,0
C27052,80,1,23,8,6,1
C27053,99,18,16,37,4,1
C27054,192,18,1,46,1,2
C27055,83,12,23,9,3,3
C27056,83,25,1,38,0,1
C27057,92,6,5,22,0,1
C27058,71,9,2,29,0,0
C27059,128,66,3,28,2,0
C28001,96,2,36,13,9,3
C28002,126,17,48,18,7,5
C28003,58,1,36,6,7,1
C28004,104,1,49,10,4,1
C28005,76,9,26,20,10,0
C28006,56,1,26,8,6,3
C28007,67,1,30,12,5,2
C28008,87,6,33,14,10,1
C28009,85,5,26,10,6,2
C28010,26,2,12,0,3,0
C28011,62,3,20,9,4,1
C28012,68,2,20,9,5,2
C28013,52,1,21,2,8,3
C28014,48,1,30,6,7,0
C28015,92,1,29,16,7,3
C28016,67,5,21,13,3,3
C28017,107,6,46,10,4,4
C28018,130,4,35,17,13,0
C28019,114,2,45,7,5,3
C28020,101,3,52,22,7,3
C28021,118,2,34,14,10,9
C28022,98,3,25,15,10,4
C28023,83,0,28,9,5,1
C28024,63,0,10,8,6,1
C28025,67,1,34,11,3,4
C28026,65,6,57,6,13,1
C28027,100,2,37,8,10,7
C28028,56,0,16,8,6,1
C28029,63,44,2,72,0,0
C28030,56,3,23,5,4,0
C28031,81,1,23,6,11,2
C28032,84,6,21,12,6,4
C28033,114,5,44,13,13,1
C28034,10,25,1,15,0,0
C28035,80,4,32,7,3,0
C28036,84,5,23,14,4,1
C28037,158,5,43,11,10,3
C28038,20,21,2,51,0,1
C28039,97,3,39,9,6,1
C28040,150,2,36,11,5,5
C28041,87,4,29,10,4,2
C28042,77,0,32,8,3,0
C28043,134,17,31,13,7,4
C28044,112,3,25,14,14,3
C28045,112,3,39,13,3,0
C28046,104,3,36,10,3,2
C28047,105,8,36,21,4,3
C28048,57,2,16,3,3,0
C28049,42,4,11,2,1,4
C28050,60,1,25,9,5,0
C28051,94,3,43,8,3,1
C28052,78,8,20,20,3,1
C28053,40,22,4,36,1,1
C28054,66,4,23,9,8,2
C28055,88,4,38,10,1,2
C28056,88,4,32,14,6,1
C28057,130,1,39,8,3,2
C28058,115,4,21,12,11,1
C28059,65,7,31,9,4,0
C28060,75,2,24,6,5,5
C28061,61,9,14,30,4,0
C29001,220,5,60,33,5,4
C29002,66,37,4,49,1,1
C29003,177,1,72,31,2,0
C29004,140,4,59,8,4,3
C29005,127,6,36,10,7,4
C29006,53,25,4,35,1,0
C29007,60,31,5,40,2,0
C29008,103,10,30,11,3,0
C29009,91,36,2,54,2,0
C29010,54,14,7,43,3,2
C29011,167,5,53,21,8,6
C29012,149,16,51,30,7,7
C29013,143,3,43,21,20,3
C29014,145,5,78,21,10,4
C29015,157,2,71,22,8,11
C29016,219,8,45,25,11,3
C29017,130,5,39,12,8,5
C29018,157,7,61,15,8,4
C29019,200,7,61,26,9,2
C29020,161,5,73,26,5,9
C29021,106,5,49,15,12,2
C29022,90,18,34,47,8,5
C29023,127,6,43,10,10,2
C29024,58,41,3,37,3,0
C29025,172,8,38,14,6,3
C29026,120,8,40,22,4,1
C29027,92,2,36,12,7,3
C29028,197,4,50,22,8,3
C29029,154,6,71,29,7,5
C29030,74,27,0,48,0,0
C29031,105,2,48,14,9,4
C29032,75,32,3,67,1,0
C29033,129,8,49,17,5,1
C29034,83,11,31,31,4,1
C29035,129,4,43,14,6,2
C29036,192,4,63,22,9,6
C29037,149,4,39,13,6,4
C29038,143,5,45,13,8,0
C29039,66,24,7,77,1,0
C29040,174,12,59,20,9,9
C29041,166,6,43,14,7,2
C29042,151,12,61,17,5,5
C29043,184,2,54,18,10,3
C29044,116,10,43,28,3,3
C29045,103,13,44,20,10,2
C29046,134,5,42,16,10,1
C29047,182,20,47,29,8,4
C29048,141,3,36,19,4,8
C29049,216,5,55,27,6,2
C30001,92,34,1,68,1,0
C30002,81,19,3,38,0,1
C30003,133,35,2,66,0,2
C30004,63,49,2,38,0,0
C30005,26,38,2,26,0,0
C30006,66,22,12,49,4,1
C30007,65,35,2,57,1,0
C30008,92,40,3,65,1,1
C30009,105,25,2,78,1,0
C30010,57,42,3,56,0,1
C30011,56,16,3,32,0,0
C30012,58,27,2,42,2,0
C30013,80,44,0,66,2,1
C30014,32,10,0,13,0,1
C30015,129,24,1,72,0,0
C30016,97,44,1,82,0,0
C30017,43,32,2,41,2,0
C30018,79,27,3,45,1,2
C30019,49,28,3,30,3,0
C30020,38,52,1,30,0,0
C30021,62,61,2,49,0,1
C30022,39,82,4,66,1,0
C30023,45,56,2,40,2,0
C30024,51,56,3,27,0,0
C30025,51,21,1,48,1,1
C30026,35,32,1,35,2,1
C30027,89,86,9,64,4,1
C30028,72,26,1,53,0,0
C30029,32,31,1,31,0,0
C30030,120,26,3,73,2,3
C30031,43,49,1,25,2,0
C30032,33,29,0,9,0,0
C30033,59,50,7,27,2,0
C30034,77,49,3,64,1,0
C30035,54,40,1,72,1,0
C30036,69,47,2,49,0,0
C30037,64,32,1,49,0,0
C30038,120,27,1,71,1,3
C30039,71,29,1,61,2,0
C30040,60,35,1,71,1,0
C30041,35,63,1,36,0,0
C31001,27,19,1,34,0,0
C31002,38,21,0,43,0,2
C31003,46,32,1,76,1,0
C31004,53,28,1,42,1,0
C31005,77,46,1,68,0,0
C31006,45,31,2,48,0,0
C31007,43,40,3,38,1,0
C31008,47,25,0,44,0,0
C31009,63,25,1,37,2,0
C31010,18,23,0,34,0,0
C31011,72,33,5,45,1,0
C31012,53,38,8,32,1,0
C31013,45,45,2,41,1,0
C31014,39,39,4,46,2,1
C31015,41,16,1,19,1,0
C31016,58,21,0,51,0,0
C31017,43,35,3,35,1,0
C31018,37,35,0,50,1,0
C31019,51,26,1,43,1,0
C31020,33,26,5,28,2,0
C31021,49,61,3,45,0,0
C31022,43,23,0,23,0,1
C31023,30,29,1,34,0,0
C31024,34,41,2,48,0,0
C31025,39,41,1,44,0,1
C31026,51,17,3,31,1,0
C31027,30,39,0,33,0,0
C31028,66,42,2,37,0,0
C31029,63,28,1,50,0,0
C31030,64,41,0,62,0,0
C31031,69,58,4,70,0,0
C31032,88,34,2,53,1,1
C31033,79,42,2,45,0,0
C31034,31,32,0,45,0,0
C31035,37,19,0,36,0,0
C31036,51,55,1,64,1,0
C31037,29,28,1,54,0,0
C31038,41,15,3,34,0,0
C31039,24,26,0,33,0,0
C31040,35,32,1,21,0,0
C31041,72,24,0,40,0,1
C31042,50,54,2,60,2,0
C31043,68,42,0,70,4,0
C31044,33,35,0,46,0,0
C31045,47,28,1,54,1,0
C31046,40,25,1,53,0,1
C31047,66,33,0,42,0,1
C31048,52,25,1,35,1,0
C31049,27,30,0,17,0,1
C31050,75,39,0,63,0,0
C31051,34,27,1,36,0,0
C32001,156,80,7,49,1,0
C32002,172,35,7,63,2,5
C32003,148,34,6,29,3,1
C32004,223,34,2,67,1,0
C32005,147,34,0,39,0,0
C32006,143,62,3,78,4,1
C32007,156,29,0,35,0,0
C32008,277,30,3,74,1,0
C32009,289,50,5,79,0,0
C32010,178,31,8,58,0,1
C32011,123,43,4,34,0,0
C32012,100,40,7,28,0,1
C32013,105,4,3,28,0,2
C32014,141,38,3,64,0,2
C32015,135,15,2,49,0,0
C32016,140,48,1,55,1,1
C32017,179,70,2,50,0,1
C32018,143,12,0,39,1,3
C32019,179,30,1,86,2,3
C32020,181,27,1,55,0,2
C32021,159,17,0,48,2,0
C32022,247,27,1,55,1,1
C32023,227,24,5,34,4,1
C32024,233,20,2,69,1,0
C32025,156,17,2,48,0,0
C32026,135,54,2,47,3,2
C32027,220,19,0,51,0,0
C32028,116,27,1,49,2,2
C32029,166,28,5,39,2,0
C32030,204,26,4,88,2,1
C32031,224,37,2,54,0,0
C32032,192,17,0,71,0,0
C32033,118,24,3,39,3,1
C32034,172,42,6,58,2,0
C32035,202,24,1,76,2,2
C32036,225,36,2,50,1,1
C32037,187,21,7,27,2,0
C32038,207,30,1,55,2,0
C32039,245,20,3,54,0,0
C32040,235,20,5,56,0,0
C32041,228,23,3,74,1,1
C32042,211,35,3,93,0,2
C32043,235,16,2,47,0,1
C32044,123,24,13,32,0,2
C32045,180,26,2,71,1,0
C32046,67,18,2,35,2,0
C32047,216,12,5,61,3,0
C32048,280,23,14,78,1,4
C32049,100,8,0,26,2,0
C32050,234,35,0,66,3,0
C32051,225,24,5,48,2,1
C32052,126,21,0,26,1,1
C33001,147,68,5,75,1,1
C33002,179,46,2,80,2,0
C33003,142,69,4,61,1,2
C33004,159,89,5,85,2,0
C33005,157,45,7,48,1,0
C33006,176,47,5,84,1,2
C33007,249,79,3,65,1,0
C33008,146,76,0,43,1,1
C33009,182,45,4,81,1,0
C33010,231,42,8,82,4,2
C33011,177,51,3,67,2,2
C33012,188,52,1,85,1,3
C33013,128,77,3,89,0,1
C33014,116,55,5,47,1,1
C33015,166,63,5,78,5,1
C33016,113,48,5,56,1,1
C33017,199,51,5,84,2,0
C33018,60,15,1,18,0,0
C33019,142,58,6,64,2,1
C33020,160,76,5,51,0,3
C33021,180,59,2,83,0,0
C33022,189,64,0,84,0,0
C33023,177,70,3,72,2,1
C33024,228,73,4,63,3,1
C33025,217,67,9,80,4,4
C33026,154,65,5,58,6,2
C33027,138,64,6,58,0,0
C34001,205,14,75,40,23,6
C34002,178,4,71,19,10,7
C34003,166,4,44,36,13,9
C34004,163,9,90,20,7,2
C34005,146,7,36,26,11,3
C34006,106,4,37,9,6,2
C34007,196,9,80,33,7,3
C34008,159,9,66,17,14,12
C34009,99,3,46,15,7,4
C34010,162,1,59,25,7,6
C34011,94,2,34,9,5,3
C34012,201,7,69,26,14,5
C34013,175,11,62,25,6,7
C34014,93,4,50,16,13,2
C34015,108,2,49,7,10,4
C34016,93,4,47,15,1,8
C34017,129,4,62,22,10,8
C34018,96,1,31,19,6,1
C34019,33,3,9,13,3,3
C34020,237,14,89,38,14,8
C34021,155,12,63,21,10,4
C34022,185,6,87,26,12,7
C34023,145,4,40,28,10,1
C34024,134,5,48,26,6,4
C34025,186,3,67,13,9,6
C34026,73,3,43,11,4,2
C34027,119,1,55,15,7,5
C34028,92,3,37,6,9,6
C34029,151,8,63,15,9,6
C34030,164,9,86,33,10,17
C34031,83,4,16,8,7,6
C34032,99,6,30,16,8,8
C34033,70,3,27,16,5,0
C34034,187,15,68,33,15,5
C34035,185,6,62,25,10,4
C34036,192,3,51,25,14,7
C34037,133,5,53,16,13,6
C34038,108,7,44,10,11,1
C34039,96,3,54,13,4,0
C34040,146,8,58,20,5,7
C34041,73,2,37,17,13,3
C34042,194,5,71,25,10,11
C34043,214,12,92,28,15,8
C34044,172,13,75,32,4,4
C34045,163,6,50,12,17,10
C34046,159,6,39,18,9,6
C34047,80,3,42,16,2,3
C34048,202,5,62,38,7,10
C34049,222,4,83,34,12,8
C34050,136,3,54,38,10,1
C34051,223,11,93,65,17,7
C34052,118,4,46,14,6,4
C34053,66,2,23,12,11,2
C34054,111,2,45,13,10,2
C34055,169,10,66,13,8,1
C34056,74,1,37,12,3,1
C34057,132,5,44,15,7,4
C34058,181,5,48,25,7,3
C34059,151,5,53,16,14,4
C34060,170,6,40,30,10,3
C34061,114,7,58,17,5,8
C35001,121,97,5,82,0,1
C35002,86,100,2,64,0,0
C35003,77,79,8,48,2,1
C35004,141,52,6,76,3,1
C35005,87,113,4,49,2,0
C35006,108,63,3,87,0,4
C35007,147,108,2,64,0,1
C35008,134,60,2,45,1,1
C35009,115,63,5,41,1,1
C35010,116,98,1,57,1,2
C35011,119,59,5,73,4,0
C35012,172,92,1,44,0,3
C35013,35,14,1,30,1,0
C35014,110,104,10,47,3,0
C35015,107,86,1,64,4,0
C35016,147,74,2,53,2,1
C35017,131,101,5,52,2,0
C35018,110,105,4,92,1,0
C35019,122,109,4,49,1,0
C35020,93,61,6,59,2,1
C35021,108,96,3,63,2,1
C35022,48,16,0,32,1,2
C35023,58,55,2,35,0,0
C35024,84,38,0,39,0,0
C35025,155,75,7,46,3,1
C35026,148,50,1,109,1,1
C35027,156,88,8,63,1,0
C35028,152,101,9,44,3,0
C35029,169,77,2,68,1,1
C35030,145,131,4,70,2,1
C35031,63,49,5,22,0,0
C35032,43,75,3,38,2,1
C35033,112,46,0,81,2,3
C35034,105,109,3,65,1,0
C35035,90,78,4,56,1,0
C35036,71,75,1,28,1,0
C36001,110,28,0,68,1,1
C36002,88,29,13,78,2,3
C36003,247,42,39,64,2,4
C36004,79,42,6,46,1,1
C36005,123,6,0,88,0,1
C36006,132,24,1,79,3,2
C36007,111,18,4,81,0,2
C36008,126,28,2,102,2,1
C36009,126,19,4,103,0,2
C36010,99,14,0,75,1,0
C36011,139,21,3,197,2,2
C36012,111,14,0,83,0,0
C36013,212,35,4,131,2,1
C36014,149,35,1,107,4,0
C36015,123,30,4,88,1,0
C36016,213,33,20,115,1,0
C36017,114,17,2,132,0,1
C36018,134,12,3,186,0,1
C36019,116,47,2,95,2,0
C36020,186,37,4,109,2,3
C36021,214,42,4,178,1,2
C36022,178,42,12,136,2,2
C36023,68,12,16,18,2,0
C36024,152,18,29,44,6,4
C36025,113,23,1,72,0,0
C36026,144,28,1,83,2,2
C36027,71,10,0,68,1,0
C36028,125,36,4,79,0,0
C36029,114,17,1,104,1,0
C36030,151,28,4,167,0,0
C36031,182,12,1,102,1,0
C36032,118,20,2,125,1,0
C36033,111,15,13,51,3,2
C36034,83,13,1,111,0,2
C36035,145,21,2,111,2,0
C36036,114,39,2,69,0,0
C36037,130,20,1,96,2,1
C36038,76,21,0,69,1,0
C36039,111,23,3,114,0,2
C36040,151,23,4,154,0,1
C36041,119,28,0,78,1,0
C36042,112,14,3,91,2,0
C36043,130,22,0,71,0,1
C36044,145,28,35,65,5,2
C36045,131,24,7,87,0,2
C36046,109,12,1,103,1,0
C36047,108,7,2,86,0,2
C36048,99,19,3,112,1,0
C36049,176,24,3,166,0,0
C36050,115,27,2,76,1,1
C36051,103,32,8,88,2,0
C36052,117,45,6,85,1,0
C36053,94,27,2,44,1,0
C36054,183,29,44,61,7,4
C36055,169,34,13,128,4,7
C37001,38,37,7,74,1,0
C37002,117,15,28,36,4,3
C37003,77,18,13,20,0,0
C37004,146,13,52,12,4,2
C37005,168,3,52,29,9,4
C37006,189,8,49,21,10,5
C37007,167,7,46,27,10,3
C37008,94,22,25,24,6,2
C37009,122,4,47,12,6,2
C37010,122,20,43,24,6,4
C37011,34,29,3,43,1,0
C37012,81,15,26,23,0,3
C37013,122,14,30,26,7,1
C37014,184,4,73,19,5,2
C37015,135,6,33,17,6,2
C37016,146,14,55,33,4,2
C37017,134,2,34,13,11,1
C37018,146,8,62,15,6,0
C37019,55,47,10,46,0,1
C37020,139,5,34,10,3,3
C37021,134,3,44,18,10,3
C37022,91,6,21,13,5,4
C37023,113,2,37,15,3,0
C37024,136,2,43,15,10,3
C37025,143,3,60,24,12,2
C37026,176,7,52,22,7,5
C37027,161,4,53,13,4,2
C37028,130,7,50,17,9,2
C37029,128,21,45,21,4,3
C37030,81,12,23,15,5,1
C37031,132,6,60,25,7,2
C37032,148,9,48,24,4,5
C37033,121,10,29,13,4,1
C37034,143,8,44,23,5,1
C37035,157,1,48,18,4,4
C37036,131,8,36,13,7,2
C37037,126,5,44,14,7,6
C37038,133,12,46,25,7,2
C37039,76,52,8,61,2,0
C37040,144,6,53,14,7,4
C37041,160,9,50,22,9,7
C37042,74,31,8,38,0,1
C37043,129,7,24,14,3,0
C38001,145,43,1,100,0,3
C38002,108,21,0,60,1,1
C38003,123,15,2,64,1,0
C38004,84,12,2,43,0,0
C38005,249,52,2,115,3,8
C38006,108,46,0,76,1,2
C38007,187,31,3,66,2,2
C38008,77,16,2,80,0,1
C38009,156,43,2,67,1,0
C38010,173,49,1,79,2,1
C38011,104,15,3,78,1,2
C38012,143,15,0,83,0,0
C38013,130,14,0,85,1,0
C38014,113,15,3,80,0,1
C38015,82,11,0,71,0,0
C38016,123,38,1,70,1,1
C38017,97,32,1,64,2,0
C38018,146,21,4,86,1,3
C38019,180,17,4,100,3,1
C38020,203,35,2,94,2,0
C38021,137,15,1,90,3,2
C38022,135,24,2,85,1,2
C38023,91,19,2,73,3,2
C38024,73,25,3,46,3,2
C38025,98,42,1,78,0,1
C38026,91,8,7,82,1,0
C38027,79,18,2,61,0,1
C38028,101,19,0,70,1,0
C38029,103,19,2,74,0,0
C38030,107,11,0,78,0,0
C38031,126,47,1,99,0,0
C38032,163,18,1,123,0,2
C38033,121,29,1,75,2,0
C38034,70,40,2,65,1,0
C38035,128,57,2,87,8,1
C38036,112,36,2,80,1,1
C38037,124,34,0,83,1,0
C38038,144,27,4,106,1,1
C38039,126,24,1,65,1,0
C38040,101,18,2,57,0,0
C38041,217,45,4,97,3,0
C38042,151,19,0,114,4,1
C38043,131,30,1,100,0,1
C38044,142,24,1,81,1,0
C38045,183,21,0,86,0,0
C38046,105,14,5,83,0,0
C38047,128,28,3,88,0,0
C38048,122,28,4,77,0,2
C38049,139,18,1,79,2,0
C38050,126,26,2,95,1,2
C38051,91,17,1,64,0,0
C38052,136,28,0,62,1,0
C38053,38,12,1,11,0,0
C39001,141,19,1,105,1,1
C39002,340,13,1,70,1,1
C39003,146,13,3,101,2,1
C39004,115,21,0,76,2,1
C39005,101,19,1,72,0,2
C39006,140,24,3,111,0,0
C39007,125,23,2,47,0,0
C39008,141,38,0,98,0,0
C39009,192,31,3,85,0,2
C39010,132,24,1,40,1,0
C39011,179,20,5,79,0,2
C39012,101,37,6,51,2,1
C39013,79,22,1,32,0,1
C39014,125,44,8,58,4,1
C39015,132,19,1,86,0,0
C39016,99,23,2,47,1,0
C39017,123,15,3,35,0,2
C39018,151,39,4,80,0,3
C39019,96,25,3,47,0,0
C39020,129,25,2,97,0,0
C39021,90,31,0,56,1,0
C39022,176,22,6,52,2,0
C39023,102,13,0,37,0,0
C39024,114,36,3,65,2,0
C39025,147,35,2,71,3,0
C39026,141,15,1,87,2,1
C39027,153,38,7,59,1,0
C39028,142,54,2,82,1,1
C39029,162,35,10,59,0,0
C39030,82,24,6,30,1,0
C39031,102,15,5,64,0,0
C39032,118,20,3,34,0,1
C39033,190,33,2,61,3,3
C39034,172,30,5,75,3,1
C39035,181,40,2,63,0,2
C39036,127,23,4,48,1,2
C39037,218,29,0,112,3,3
C39038,164,21,1,83,1,0
C39039,62,10,0,41,1,0
C39040,105,9,2,52,0,0
C39041,64,4,2,29,0,0
C39042,122,19,1,83,0,0
C39043,133,32,5,48,2,0
C39044,169,59,4,74,3,3
C39045,83,25,4,37,2,1
C39046,101,31,8,61,0,3
C39047,90,21,2,61,0,0
C40001,103,19,2,34,2,1
C40002,86,15,1,36,2,4
C40003,144,59,4,36,4,2
C40004,122,68,3,37,1,0
C40005,144,41,2,56,4,2
C40006,132,58,2,41,1,1
C40007,132,50,3,29,1,0
C40008,39,9,0,14,0,0
C40009,146,20,11,48,1,2
C40010,185,30,1,47,4,6
C40011,112,34,3,27,2,2
C40012,98,40,3,29,1,0
C40013,169,68,8,40,0,2
C40014,156,20,0,66,1,0
C40015,163,24,3,34,2,1
C40016,167,22,10,56,3,0
C40017,74,11,0,25,1,1
C40018,126,33,18,38,3,0
C40019,126,19,5,66,1,0
C40020,118,36,2,50,0,2
C40021,136,26,2,46,2,0
C40022,108,18,1,24,1,0
C40023,209,52,0,44,1,1
C40024,92,11,3,37,0,0
C40025,105,22,5,42,0,0
C40026,140,79,2,30,1,1
C40027,108,29,7,40,1,0
C40028,153,44,9,52,2,3
C40029,165,31,4,66,1,0
C40030,204,23,1,54,0,0
C40031,126,19,0,47,2,0
C40032,81,14,3,36,0,1
C40033,154,52,5,46,2,1
C40034,108,15,3,30,0,0
C40035,147,33,7,59,2,0
C40036,160,26,0,76,0,0
C40037,110,27,8,35,1,0
C40038,79,12,0,25,0,0
C40039,109,26,6,38,2,0
C40040,107,15,1,38,1,0
C40041,211,76,1,59,1,0
C40042,180,58,4,39,1,5
C40043,151,46,5,51,1,2
C40044,105,17,2,25,1,0
C40045,222,71,21,74,4,0
C40046,211,43,5,64,3,0
C40047,128,57,4,33,5,1
C40048,83,25,3,44,1,0
C40049,84,21,2,27,1,0
C41001,152,24,2,206,4,0
C41002,187,25,3,227,0,0
C41003,163,30,4,149,1,3
C41004,161,30,5,212,0,1
C41005,185,37,3,205,2,1
C41006,184,17,1,141,1,5
C41007,199,28,2,229,3,0
C41008,161,23,0,216,0,0
C41009,167,32,4,183,3,2
C41010,118,28,0,172,0,2
C41011,152,32,3,247,1,1
C41012,182,25,0,121,0,0
C41013,86,16,4,114,5,0
C41014,212,25,3,143,1,1
C41015,169,23,2,224,0,1
C41016,143,35,4,217,2,0
C41017,183,23,7,206,1,0
C41018,157,14,5,173,6,2
C41019,200,23,2,183,0,2
C41020,211,27,5,154,3,2
C41021,143,30,3,219,0,1
C41022,125,20,0,163,0,0
C41023,150,19,1,146,1,0
C41024,154,26,2,191,0,0
C41025,66,3,2,56,0,3
C41026,59,7,2,88,1,1
C41027,50,7,4,49,0,2
C41028,157,15,9,88,4,0
C41029,92,10,4,57,1,0
C41030,167,34,0,229,1,0
C41031,156,23,2,232,0,0
C41032,97,5,1,166,0,0
C41033,106,15,0,161,1,0
C41034,126,13,3,168,1,0
C41035,170,31,1,224,0,2
C41036,176,37,0,204,1,0
C41037,153,20,3,246,1,3
C41038,161,45,1,175,3,3
C41039,105,19,1,134,0,0
C41040,143,28,5,259,1,3
C41041,171,20,0,233,2,1
C41042,195,33,1,245,1,2
C41043,165,21,1,198,2,2
C41044,181,17,3,158,1,0
C41045,155,36,2,174,0,2
C41046,114,11,5,158,4,2
C41047,171,12,1,127,2,2
C41048,97,8,5,79,1,2
C41049,145,32,1,278,0,0
C41050,179,27,2,197,0,1
C41051,111,11,3,143,0,1
C41052,218,29,1,245,4,0
C41053,162,40,2,183,1,1
C41054,145,18,1,106,3,2
C41055,129,19,4,196,2,2
C41056,210,36,2,227,1,0
C41057,107,12,1,205,0,0
C42001,301,6,1,50,1,1
C42002,138,12,8,27,2,0
C42003,204,12,6,29,1,2
C42004,230,9,2,56,0,0
C42005,203,9,2,43,0,0
C42006,341,19,16,97,2,1
C42007,165,9,4,49,1,0
C42008,254,23,5,65,2,1
C42009,408,37,18,131,2,3
C42010,175,6,1,37,0,0
C42011,240,11,7,65,1,1
C42012,152,10,3,43,0,0
C42013,280,22,13,97,3,1
C42014,202,5,2,44,1,0
C42015,222,16,3,52,2,2
C42016,175,8,2,21,0,0
C42017,262,35,34,61,7,6
C42018,407,32,1,81,3,3
C42019,70,5,2,24,0,0
C42020,100,8,5,36,1,2
C42021,159,10,1,35,0,0
C42022,142,8,3,36,0,0
C42023,297,15,0,42,0,0
C42024,256,13,6,54,0,1
C42025,181,12,2,48,0,0
C42026,199,18,25,41,5,4
C42027,200,26,8,90,0,2
C42028,186,14,6,48,1,0
C42029,269,5,2,40,0,1
C42030,140,9,6,38,1,1
C42031,209,6,1,57,0,3
C42032,190,11,3,49,1,0
C42033,246,15,5,76,0,1
C42034,176,9,1,58,1,0
C42035,184,9,0,38,1,2
C42036,142,8,0,35,0,0
C42037,213,4,1,32,0,0
C42038,183,4,1,20,0,0
C42039,107,5,9,14,0,2
C42040,251,7,2,37,0,1
C42041,321,21,9,75,3,0
C42042,147,3,0,19,0,0
C42043,221,13,6,41,0,1
C42044,167,9,6,32,1,0
C42045,205,14,1,42,0,1
C42046,157,8,3,49,1,2
C42047,118,3,3,34,1,0
C42048,178,6,3,44,0,0
C42049,53,0,5,5,1,0
C42050,326,20,0,95,1,0
C42051,382,33,11,116,2,1
C42052,94,5,4,50,1,2
C42053,247,13,5,67,0,1
C42054,128,9,6,43,0,3
C42055,212,9,9,63,1,0
C42056,320,15,5,61,1,2
C42057,141,9,8,43,1,1
C42058,157,5,3,38,0,1
C42059,266,15,0,73,0,0
C42060,85,13,6,19,0,1
C42061,157,7,1,40,0,0
C42062,134,8,3,31,0,0
C42063,215,3,2,47,0,0
C42064,58,2,9,11,2,0
C42065,273,11,4,66,1,0
C42066,171,14,10,46,3,2
C42067,400,18,7,85,2,0
C42068,232,14,2,48,1,0
C42069,94,16,8,34,1,1
C43001,260,29,16,48,5,0
C43002,231,14,0,47,0,0
C43003,217,14,1,46,0,0
C43004,279,19,5,88,3,1
C43005,228,10,2,47,1,1
C43006,146,20,11,36,4,2
C43007,238,23,5,43,2,2
C43008,280,27,2,52,3,1
C43009,177,19,2,42,1,0
C43010,200,22,3,33,0,1
C43011,179,11,2,30,2,0
C43012,261,15,1,71,0,1
C43013,118,9,10,18,1,1
C43014,205,8,0,35,0,1
C43015,202,8,2,33,0,1
C43016,221,12,2,39,0,1
C43017,224,18,1,74,2,0
C43018,251,15,5,59,1,0
C43019,144,12,3,55,1,0
C43020,210,16,3,51,2,0
C43021,198,18,2,44,2,0
C43022,155,17,2,51,0,0
C43023,194,9,2,28,0,1
C43024,207,16,2,61,1,3
C43025,230,7,8,36,2,1
C43026,170,12,0,54,1,2
C43027,183,8,1,28,1,0
C43028,306,11,1,72,2,0
C43029,148,14,1,62,2,0
C43030,135,12,7,34,2,0
C43031,232,20,2,69,1,0
C43032,231,12,1,44,0,0
C43033,115,22,1,21,2,5
C43034,97,8,1,26,1,1
C43035,276,7,3,45,1,1
C43036,180,9,3,42,2,4
C43037,169,11,5,39,5,3
C43038,136,15,1,52,0,0
C43039,158,10,1,55,1,1
C43040,89,6,1,28,0,0
C43041,125,4,1,19,1,1
C43042,188,6,2,34,0,0
C43043,160,11,5,32,1,1
C43044,196,10,1,63,2,0
C43045,74,2,1,21,0,1
C43046,278,12,1,49,0,0
C43047,203,12,6,39,1,2
C43048,176,16,7,47,0,1
C43049,184,20,1,39,0,2
C43050,169,9,1,37,0,0
C43051,220,16,24,36,4,2
C43052,179,6,1,44,0,3
C43053,181,18,9,52,2,1
C43054,152,15,5,40,0,0
C43055,199,17,33,30,3,0
C43056,148,8,3,36,2,0
C43057,141,12,5,34,1,1
C43058,138,13,2,34,1,0
C43059,206,16,4,47,3,0
C44001,194,16,3,36,2,0
C44002,160,21,5,34,1,2
C44003,253,15,1,38,0,0
C44004,251,15,3,38,0,0
C44005,196,25,6,49,2,0
C44006,185,24,3,36,1,1
C44007,229,15,1,65,2,0
C44008,80,8,4,25,1,0
C44009,167,18,2,32,1,2
C44010,128,12,2,33,0,1
C44011,179,19,1,50,0,0
C44012,171,10,0,45,0,0
C44013,129,23,2,24,1,1
C44014,156,32,1,31,1,3
C44015,264,26,5,43,0,0
C44016,196,30,1,43,0,0
C44017,215,33,4,37,1,0
C44018,140,15,1,37,0,1
C44019,100,11,2,21,1,0
C44020,170,21,1,42,2,0
C44021,197,24,5,47,2,0
C44022,264,14,5,48,0,0
C44023,170,29,3,28,1,0
C44024,128,19,3,23,0,1
C44025,202,25,2,36,1,1
C44026,171,19,1,44,1,0
C44027,221,23,1,45,1,1
C44028,142,9,0,49,0,0
C44029,212,34,0,50,0,1
C44030,167,26,2,31,1,0
C44031,230,26,1,46,0,1
C44032,161,19,5,23,0,0
C44033,230,37,3,40,1,1
C44034,122,11,4,27,0,0
C44035,171,16,1,40,0,0
C44036,164,20,4,36,2,1
C44037,234,31,7,50,2,1
C44038,171,24,1,61,0,0
C44039,197,19,0,40,1,3
C44040,185,23,1,51,1,0
C44041,236,24,7,26,2,0
C44042,263,27,9,58,2,0
C44043,237,23,1,52,2,1
C44044,239,20,5,49,0,1
C44045,234,19,4,44,3,1
C44046,157,12,2,25,0,0
C44047,277,31,4,80,2,1
C44048,155,18,0,39,0,0
C44049,335,25,2,52,1,1
C44050,137,28,1,59,1,2
C44051,131,13,2,32,0,1
C45001,117,32,1,87,2,0
C45002,172,21,1,166,2,1
C45003,168,23,0,154,0,0
C45004,191,21,6,165,1,0
C45005,150,24,1,173,1,1
C45006,130,24,3,133,0,3
C45007,160,57,6,75,2,1
C45008,119,20,1,86,0,1
C45009,157,32,0,162,1,1
C45010,171,43,4,128,3,1
C45011,146,21,2,123,2,0
C45012,194,39,3,121,0,1
C45013,219,24,1,139,1,2
C45014,172,46,7,105,1,4
C45015,144,25,5,149,2,1
C45016,145,37,5,92,2,0
C45017,138,23,4,91,1,1
C45018,164,36,4,84,2,0
C45019,184,16,1,143,3,4
C45020,142,22,3,106,4,1
C45021,133,25,3,120,0,0
C45022,132,22,4,115,2,0
C45023,151,17,1,157,3,1
C45024,208,32,8,146,0,1
C45025,175,26,0,89,1,1
C45026,174,40,5,103,0,3
C45027,123,24,1,113,3,1
C45028,142,39,1,84,0,0
C45029,151,30,5,98,5,1
C45030,147,24,8,131,1,5
C45031,163,41,4,93,3,1
C45032,108,17,2,72,0,1
C45033,136,26,5,124,2,0
C45034,125,23,2,80,0,0
C45035,152,28,2,136,2,3
C45036,141,29,0,132,1,0
C45037,172,33,1,93,1,3
C45038,207,37,2,92,0,1
C45039,192,38,3,107,5,0
C45040,185,36,3,98,0,3
C45041,98,23,2,68,0,0
C45042,152,22,1,112,3,2
C45043,143,29,0,95,1,0
C45044,173,36,5,144,1,1
C45045,132,23,0,85,0,0
C45046,185,27,4,92,5,2
C45047,163,20,2,105,0,0
C45048,173,43,2,78,3,3
C45049,161,29,2,108,0,3
C45050,148,19,2,112,2,3
C45051,127,26,4,141,0,2
C45052,161,22,1,128,1,0
C45053,107,24,1,103,2,2
C46001,370,35,11,89,2,0
C46002,198,49,3,38,1,3
C46003,226,30,16,45,6,1
C46004,204,30,29,41,8,3
C46005,142,20,7,40,0,1
C46006,254,23,19,58,0,3
C46007,145,19,2,33,1,0
C46008,268,32,25,44,4,3
C46009,192,38,4,57,3,0
C46010,163,26,8,48,1,0
C46011,215,33,15,53,4,3
C46012,266,56,14,51,2,1
C46013,212,15,12,46,3,0
C46014,172,45,4,19,0,0
C46015,256,28,4,61,2,2
C46016,194,48,6,59,4,1
C46017,301,36,9,57,4,2
C46018,233,38,5,32,2,1
C46019,203,69,1,53,3,1
C46020,194,16,10,24,4,3
C46021,86,23,0,30,1,0
C46022,229,22,25,45,5,4
C46023,177,5,27,28,7,9
C46024,161,16,1,40,1,0
C46025,286,35,14,59,5,5
C46026,223,36,26,41,8,1
C46027,251,38,11,79,2,0
C46028,237,21,4,68,3,1
C46029,185,23,7,47,3,1
C46030,231,36,8,48,5,1
C46031,272,27,1,52,2,0
C46032,174,13,45,40,8,5
C46033,246,34,5,57,1,4
C46034,201,28,15,28,2,2
C46035,285,38,26,78,6,1
C46036,212,19,5,63,0,0
C46037,175,22,1,32,0,1
C46038,212,27,22,39,5,5
C46039,250,25,5,71,1,0
C46040,152,22,26,20,5,2
C46041,227,30,23,29,4,4
C46042,230,42,27,29,3,1
C46043,267,25,3,53,2,1
C46044,173,12,23,33,2,1
C46045,224,24,5,68,3,2
C46046,212,35,10,43,4,3
C46047,76,17,7,23,1,1
C47001,197,60,3,64,0,3
C47002,170,28,0,61,0,0
C47003,195,32,1,65,1,1
C47004,249,46,1,54,0,1
C47005,235,46,3,61,3,2
C47006,257,51,1,56,0,0
C47007,215,30,0,82,0,1
C47008,314,67,3,59,0,0
C47009,156,28,3,77,0,2
C47010,146,37,0,29,0,2
C47011,332,71,7,81,1,3
C47012,222,39,5,66,2,2
C47013,288,70,4,66,3,1
C47014,153,44,1,33,2,1
C47015,211,66,10,56,2,4
C47016,208,68,0,57,1,1
C47017,228,32,4,68,1,1
C47018,252,30,2,48,1,3
C47019,242,63,5,51,0,1
C47020,260,63,3,72,2,1
C47021,204,68,7,66,0,1
C47022,193,47,2,65,3,1
C47023,103,41,3,19,1,1
C47024,217,39,3,49,3,0
C47025,279,36,5,54,0,0
C47026,311,99,5,69,2,2
C47027,186,30,3,76,1,0
C47028,298,52,1,72,2,2
C47029,234,32,4,96,1,0
C47030,237,62,3,55,1,2
C47031,222,46,8,49,5,0
C47032,199,75,2,61,0,0
C47033,182,58,3,60,1,0
C47034,263,64,3,62,5,2
C47035,367,42,4,64,1,4
C47036,310,77,2,64,2,3
C47037,302,66,3,66,1,1
C47038,248,61,2,55,2,0
C47039,240,40,1,34,2,1
C47040,211,53,2,47,1,2
C47041,376,60,7,80,5,1
C47042,157,59,5,48,2,2
C47043,163,16,0,33,0,1
C47044,260,24,6,58,2,3
C47045,242,70,4,48,3,0
C47046,159,37,1,48,0,0
C47047,184,42,8,51,2,1
C47048,42,5,3,5,0,1
C47049,130,30,4,35,1,1
C47050,218,32,0,68,0,0
C47051,121,21,3,47,1,0
C47052,157,27,7,35,1,0
C48001,181,51,8,46,3,1
C48002,152,26,11,36,5,2
C48003,239,44,9,44,3,1
C48004,236,31,6,60,2,0
C48005,178,31,2,52,3,1
C48006,227,25,29,37,3,3
C48007,134,46,2,37,2,0
C48008,147,25,3,40,0,1
C48009,190,14,10,54,2,0
C48010,131,34,4,35,1,0
C48011,213,46,2,33,1,0
C48012,192,28,9,44,0,0
C48013,169,30,8,39,0,0
C48014,239,29,22,31,2,4
C48015,93,13,9,33,3,1
C48016,167,23,10,32,3,2
C48017,199,50,5,61,3,1
C48018,97,16,19,17,3,1
C48019,149,34,8,36,3,2
C48020,142,22,1,32,0,0
C48021,179,9,50,36,3,2
C48022,284,32,15,61,0,2
C48023,161,21,11,48,2,3
C48024,115,18,8,10,2,0
C48025,235,28,13,37,1,2
C48026,199,21,11,48,5,0
C48027,135,9,11,34,4,3
C48028,200,18,4,35,1,1
C48029,187,14,4,26,1,1
C48030,205,42,2,39,1,0
C48031,134,21,22,23,4,1
C48032,122,31,16,26,1,0
C48033,179,16,1,41,1,1
C48034,251,27,17,60,2,1
C48035,71,12,21,18,2,4
C48036,183,7,13,38,3,1
C48037,155,39,3,31,2,0
C48038,245,51,3,50,2,0
C48039,184,25,10,37,3,0
C48040,102,28,9,38,0,1
C48041,112,10,7,26,1,0
C48042,153,70,6,25,3,0
C48043,207,45,3,39,0,2
C48044,231,53,6,25,3,0
C48045,129,30,9,28,0,1
C48046,118,10,12,24,2,1
C48047,138,29,17,29,6,0
C48048,185,40,5,36,0,1
C48049,78,15,5,14,1,0
C48050,178,65,6,43,2,1
C48051,274,64,1,39,0,1
C48052,104,47,9,35,1,0
C48053,103,25,4,27,3,0
C48054,132,12,14,24,3,2
C49001,148,20,25,25,8,2
C49002,232,37,12,67,2,1
C49003,103,46,5,28,1,0
C49004,81,19,6,22,0,0
C49005,163,29,27,31,2,7
C49006,133,35,12,32,1,5
C49007,127,39,4,31,0,0
C49008,153,62,10,49,4,2
C49009,135,38,10,30,3,1
C49010,132,48,6,35,1,2
C49011,106,23,20,31,2,5
C49012,148,42,9,48,2,0
C49013,186,55,8,63,1,1
C49014,166,39,8,43,3,3
C49015,145,29,18,21,1,3
C49016,137,22,11,29,2,5
C49017,51,6,3,16,0,0
C49018,115,38,2,35,3,0
C49019,107,27,20,29,1,0
C49020,176,37,40,31,5,10
C49021,44,8,0,18,0,0
C49022,141,47,14,35,1,2
C49023,108,39,18,28,4,3
C49024,155,42,11,47,2,3
C49025,175,54,12,43,1,4
C49026,199,58,20,30,4,2
C49027,190,51,23,53,2,6
C49028,95,19,14,23,2,2
C49029,190,29,10,53,5,6
C49030,165,34,11,39,3,2
C49031,139,49,6,35,3,2
C49032,106,32,2,32,1,2
C49033,134,28,7,31,2,1
C49034,170,19,18,24,7,3
C49035,163,59,7,46,1,0
C49036,204,79,17,50,4,2
C49037,230,59,15,50,6,1
C49038,121,39,11,28,1,1
C49039,130,43,16,29,2,2
C49040,118,28,0,50,3,0
C49041,149,33,6,53,3,1
C49042,154,47,14,30,1,3
C50001,241,22,6,93,1,3
C50002,201,23,7,110,1,0
C50003,184,30,4,58,1,1
C50004,179,36,7,55,0,2
C50005,239,33,6,72,2,1
C50006,119,21,12,37,0,2
C50007,193,52,8,76,4,0
C50008,103,21,5,54,0,1
C50009,145,29,8,43,2,1
C50010,155,14,8,53,1,1
C50011,190,22,3,52,0,4
C50012,149,9,2,21,1,0
C50013,181,36,17,76,2,9
C50014,103,9,2,21,0,0
C50015,197,72,1,70,4,0
C50016,130,6,4,18,0,0
C50017,146,22,7,62,1,2
C50018,141,28,6,51,2,3
C50019,136,26,11,58,2,7
C50020,148,43,9,62,2,1
C50021,163,53,5,69,4,5
C50022,137,40,16,48,4,4
C50023,136,28,2,56,3,0
C50024,170,28,19,57,5,2
C50025,215,21,4,80,0,1
C50026,129,27,20,41,3,3
C50027,81,9,1,30,0,0
C50028,196,16,18,43,5,5
C50029,179,36,8,56,4,3
C50030,166,29,3,66,1,1
C50031,69,3,2,18,0,0
C50032,151,50,10,41,3,1
C50033,123,12,3,45,1,1
C50034,133,15,31,31,5,2
C50035,218,54,10,55,2,2
C50036,173,61,4,55,0,0
C50037,194,46,4,36,1,0
C50038,138,5,1,23,3,1
C50039,164,29,8,51,1,4
C50040,223,22,5,82,1,0
C50041,222,26,4,112,1,1
C50042,150,43,3,46,2,3
C50043,154,36,25,67,3,2
C50044,161,9,2,80,0,0
C50045,92,5,2,68,0,0
