prec_id,black,hispanic,asian,white,other
C01001,51,410,8,170,5
C01002,87,433,3,70,9
C01003,12,184,23,400,10
C01004,11,237,21,336,10
C01005,32,63,21,409,14
C01006,34,260,15,291,11
C01007,26,173,9,219,6
C01008,85,112,19,353,11
C01009,21,308,28,177,9
C01010,15,124,28,391,24
C01011,18,64,26,462,14
C01012,10,56,19,560,12
C01013,3,191,6,83,5
C01014,69,106,61,389,18
C01015,22,233,15,293,11
C01016,9,332,12,187,10
C01017,49,371,3,172,8
C01018,69,321,9,239,18
C01019,28,502,21,271,11
C01020,69,249,9,194,15
C01021,15,55,37,447,13
C01022,15,294,13,103,5
C01023,49,397,24,415,20
C01024,150,311,4,99,12
C01025,96,230,13,219,14
C01026,29,414,1,38,4
C01027,16,287,15,221,16
C01028,130,124,1,27,5
C01029,22,252,22,272,16
C01030,74,477,7,135,8
C01031,65,336,25,180,15
C01032,7,176,19,371,7
C01033,28,264,22,316,10
C01034,15,281,18,227,9
C01035,10,255,21,366,14
C01036,9,121,27,363,15
C01037,7,117,24,423,9
C01038,28,222,25,344,19
C01039,12,267,10,212,7
C01040,60,267,16,246,10
C01041,20,192,13,181,11
C01042,5,84,8,78,3
C01043,37,212,7,185,8
C01044,14,187,22,260,10
C02001,25,179,32,322,9
C02002,12,15,41,399,6
C02003,10,110,24,452,9
C02004,11,92,34,411,13
C02005,20,170,25,379,15
C02006,28,151,32,364,14
C02007,15,128,30,359,12
C02008,11,185,27,374,12
C02009,52,12,19,311,9
C02010,10,11,43,428,4
C02011,27,22,95,404,9
C02012,216,29,15,319,8
C02013,11,25,39,557,9
C02014,12,88,33,547,15
C02015,52,64,14,420,8
C02016,39,63,28,335,16
C02017,7,48,22,643,18
C02018,24,17,47,409,9
C02019,16,24,42,359,8
C02020,7,22,26,389,7
C02021,7,94,20,476,10
C02022,6,38,28,486,8
C02023,11,10,5,426,4
C02024,34,28,22,415,12
C02025,7,73,27,437,19
C02026,58,53,15,356,13
C02027,44,28,45,371,10
C02028,12,20,30,490,7
C02029,31,32,49,392,11
C02030,10,25,26,392,8
C02031,24,20,27,617,10
C02032,27,20,37,295,8
C02033,21,36,44,710,12
C02034,4,14,16,428,6
C02035,35,17,51,392,7
C02036,13,23,34,394,6
C02037,19,21,21,472,13
C02038,7,23,27,475,9
C02039,24,25,32,309,8
C02040,40,28,62,316,11
C02041,14,14,20,304,3
C02042,41,32,60,387,11
C02043,33,38,56,461,14
C02044,4,9,16,314,1
C02045,150,29,73,354,10
C02046,30,13,10,242,5
C03001,823,18,0,12,14
C03002,964,6,1,14,28
C03003,404,11,171,72,12
C03004,730,16,1,13,13
C03005,491,15,0,14,7
C03006,90,41,92,388,20
C03007,465,5,40,76,11
C03008,610,5,1,15,7
C03009,695,20,0,10,13
C03010,365,36,0,0,4
C03011,692,8,0,11,11
C03012,743,11,1,23,26
C03013,99,34,110,454,21
C03014,207,32,70,278,15
C03015,668,11,1,9,11
C03016,639,31,0,6,5
C03017,390,34,62,207,14
C03018,697,43,100,133,22
C03019,106,41,100,322,12
C03020,712,8,2,9,18
C03021,303,21,73,276,16
C03022,92,50,113,417,21
C03023,644,7,1,10,14
C03024,635,12,1,6,12
C03025,97,33,195,437,17
C03026,174,45,130,447,22
C03027,88,43,87,346,19
C03028,519,5,3,3,8
C03029,703,1,12,21,6
C03030,688,10,3,2,20
C03031,793,17,1,24,8
C03032,176,48,117,335,20
C03033,97,40,76,359,16
C03034,193,43,98,408,19
C03035,282,18,3,23,5
C03036,387,8,0,1,4
C03037,575,14,0,10,8
C03038,656,13,1,12,7
C03039,63,39,111,378,19
C03040,506,47,42,176,22
C03041,229,33,128,237,17
C04001,207,72,150,418,36
C04002,103,39,176,363,27
C04003,682,15,3,12,11
C04004,934,14,1,21,20
C04005,735,23,13,20,11
C04006,577,40,204,110,27
C04007,814,18,14,49,15
C04008,826,17,5,27,19
C04009,905,15,42,35,28
C04010,758,32,19,50,33
C04011,781,8,2,13,14
C04012,769,8,1,13,17
C04013,77,40,31,353,20
C04014,599,12,97,43,21
C04015,851,19,16,46,22
C04016,94,47,72,496,22
C04017,63,43,62,575,26
C04018,696,11,2,12,15
C04019,736,11,3,0,11
C04020,151,34,132,352,9
C04021,180,76,32,443,22
C04022,473,21,14,257,29
C04023,358,29,83,469,41
C04024,529,19,17,115,23
C04025,81,42,107,424,17
C04026,747,12,1,20,26
C04027,373,70,67,287,36
C04028,427,11,232,40,20
C04029,659,6,6,14,12
C04030,943,16,5,7,10
C04031,650,25,31,129,34
C04032,693,31,5,27,19
C04033,694,19,22,102,24
C04034,607,15,2,34,13
C04035,770,8,113,42,25
C04036,718,17,76,35,12
C04037,110,37,94,469,25
C04038,627,20,154,41,23
C05001,586,6,0,9,12
C05002,594,2,0,4,9
C05003,134,47,88,446,36
C05004,568,33,45,138,26
C05005,691,9,1,18,12
C05006,600,8,1,10,9
C05007,243,42,168,215,26
C05008,52,28,151,494,31
C05009,391,50,97,284,31
C05010,562,9,2,3,21
C05011,273,67,69,356,31
C05012,527,14,0,8,7
C05013,577,13,9,11,19
C05014,668,13,0,16,9
C05015,422,21,45,182,22
C05016,653,9,0,17,13
C05017,648,8,0,1,7
C05018,347,76,40,174,26
C05019,168,44,142,350,42
C05020,483,45,58,207,29
C05021,216,39,84,361,37
C05022,379,30,92,311,27
C05023,365,56,72,606,43
C05024,213,59,104,378,36
C05025,638,18,1,24,25
C05026,662,13,3,8,9
C05027,35,48,122,452,34
C05028,727,22,0,35,16
C05029,776,9,0,18,15
C05030,495,14,1,2,13
C05031,594,2,1,1,3
C05032,722,26,16,44,19
C05033,767,5,0,7,12
C05034,32,55,119,641,34
C05035,195,70,93,392,39
C05036,554,3,0,3,8
C05037,260,33,76,404,17
C05038,678,5,1,1,12
C05039,135,24,148,280,24
C05040,578,2,0,11,13
C05041,182,19,45,184,15
C06001,714,4,0,2,11
C06002,667,9,0,4,8
C06003,686,7,1,4,3
C06004,487,4,0,0,8
C06005,447,2,0,0,1
C06006,634,10,0,1,6
C06007,601,4,0,4,7
C06008,684,2,0,2,7
C06009,612,13,0,0,3
C06010,414,6,0,2,4
C06011,616,4,2,2,5
C06012,474,5,0,1,3
C06013,500,2,0,4,7
C06014,579,5,0,15,7
C06015,563,1,0,4,5
C06016,693,24,0,2,9
C06017,487,5,0,1,1
C06018,461,6,0,6,2
C06019,613,0,0,1,5
C06020,384,3,0,1,8
C06021,402,5,0,3,3
C06022,445,6,0,0,2
C06023,412,6,0,0,6
C06024,425,9,0,1,2
C06025,391,0,0,1,4
C06026,475,4,0,1,9
C06027,389,3,0,0,4
C06028,359,1,0,1,2
C06029,715,2,1,3,15
C06030,531,2,0,0,7
C06031,654,4,0,1,7
C06032,613,6,0,2,3
C06033,651,2,0,4,14
C06034,651,4,0,1,7
C06035,610,8,0,1,3
C06036,689,7,1,0,17
C06037,684,13,1,6,9
C06038,699,7,0,0,16
C06039,596,6,0,0,6
C06040,552,4,2,3,13
C06041,654,7,0,3,15
C06042,650,8,1,1,5
C06043,555,4,0,3,9
C06044,668,8,0,1,10
C06045,686,9,0,0,7
C06046,460,3,0,4,16
C06047,503,9,0,1,3
C06048,628,9,0,1,12
C07001,541,5,0,1,3
C07002,532,13,0,4,10
C07003,579,9,0,2,12
C07004,603,9,1,5,5
C07005,478,19,0,12,11
C07006,658,14,6,35,19
C07007,521,11,0,8,4
C07008,508,10,3,17,14
C07009,949,8,0,12,33
C07010,620,19,0,2,8
C07011,652,6,0,5,15
C07012,568,6,0,3,7
C07013,385,7,4,7,5
C07014,588,11,0,12,7
C07015,618,7,0,6,20
C07016,488,4,0,7,15
C07017,474,18,0,5,7
C07018,465,5,1,12,10
C07019,565,5,0,1,16
C07020,427,9,0,1,3
C07021,414,32,0,7,5
C07022,333,116,3,20,9
C07023,620,28,0,3,6
C07024,557,24,0,1,9
C07025,385,138,0,19,10
C07026,509,6,0,5,8
C07027,502,7,0,6,9
C07028,334,80,1,12,5
C07029,492,6,0,7,5
C07030,352,77,0,13,12
C07031,299,81,0,6,4
C07032,858,6,0,8,6
C07033,819,9,0,4,3
C07034,692,17,0,3,6
C07035,472,79,3,14,11
C07036,738,13,0,3,3
C07037,647,31,3,15,8
C07038,471,7,0,1,11
C07039,544,0,0,2,14
C07040,570,1,0,1,6
C07041,570,4,1,2,4
C07042,545,9,0,1,9
C07043,545,22,1,6,13
C07044,494,40,0,6,2
C07045,523,60,0,12,9
C07046,268,32,1,3,5
C08001,467,5,0,2,6
C08002,590,10,1,5,15
C08003,729,9,0,3,9
C08004,690,8,0,0,21
C08005,717,7,0,1,14
C08006,623,14,2,6,11
C08007,715,14,14,6,13
C08008,658,1,3,1,3
C08009,435,7,0,3,8
C08010,766,16,2,9,21
C08011,569,5,0,5,15
C08012,541,12,0,5,15
C08013,698,13,0,2,7
C08014,449,4,0,0,5
C08015,573,4,0,2,7
C08016,214,5,0,2,1
C08017,566,3,0,4,5
C08018,565,7,0,0,4
C08019,747,6,6,3,9
C08020,671,17,2,6,3
C08021,739,13,4,2,6
C08022,568,5,0,0,5
C08023,514,7,0,4,2
C08024,394,2,0,1,3
C08025,599,6,0,2,4
C08026,606,15,0,4,7
C08027,661,21,0,8,16
C08028,635,8,0,8,9
C08029,714,4,2,11,13
C08030,684,12,1,2,20
C08031,508,4,0,1,5
C08032,521,2,0,1,2
C08033,626,1,0,5,11
C08034,597,4,0,2,1
C08035,702,14,0,3,2
C08036,637,19,0,6,15
C08037,550,5,1,6,7
C08038,433,1,0,0,2
C08039,641,7,0,7,13
C08040,503,4,0,0,2
C08041,619,4,0,0,12
C08042,762,12,0,2,14
C08043,325,7,0,0,9
C08044,428,6,0,1,5
C08045,593,3,0,1,4
C08046,480,2,0,2,4
C08047,531,8,0,4,3
C08048,570,11,0,2,9
C08049,579,12,0,2,11
C08050,672,5,0,7,10
C08051,681,11,0,2,2
C08052,797,12,1,8,25
C08053,366,1,0,2,4
C08054,500,7,0,3,9
C08055,454,1,0,4,3
C08056,655,4,0,0,12
C09001,627,10,0,3,9
C09002,534,4,0,1,11
C09003,488,2,0,0,4
C09004,497,7,0,2,2
C09005,569,7,0,0,3
C09006,601,2,0,0,8
C09007,346,90,1,4,5
C09008,563,10,0,2,8
C09009,694,2,0,0,7
C09010,508,8,0,1,8
C09011,449,5,0,2,3
C09012,636,8,0,5,8
C09013,672,8,0,3,13
C09014,786,4,0,4,7
C09015,549,6,0,2,6
C09016,542,18,0,4,3
C09017,489,3,0,2,5
C09018,426,1,0,3,5
C09019,581,8,0,2,11
C09020,693,5,0,0,0
C09021,526,9,0,1,1
C09022,671,0,0,3,2
C09023,662,8,1,1,15
C09024,615,8,2,13,16
C09025,592,3,0,2,10
C09026,486,26,0,10,6
C09027,554,4,0,3,14
C09028,202,156,0,6,3
C09029,558,5,0,0,3
C09030,531,0,0,0,3
C09031,344,146,0,7,6
C09032,556,9,0,0,5
C09033,467,5,0,1,3
C09034,498,4,0,3,5
C09035,609,3,0,0,1
C09036,535,1,0,0,4
C09037,278,226,1,218,15
C09038,582,5,0,1,11
C09039,617,0,0,4,5
C09040,679,3,0,3,8
C09041,505,3,0,4,12
C09042,670,3,0,3,6
C09043,560,4,0,3,2
C09044,543,7,0,0,10
C09045,476,1,0,2,6
C09046,534,37,0,34,15
C09047,710,0,0,1,1
C09048,652,4,0,0,9
C09049,630,3,2,3,3
C09050,830,5,0,1,17
C09051,603,4,1,4,13
C10001,346,220,0,14,4
C10002,9,253,2,280,4
C10003,33,222,4,298,4
C10004,242,235,0,22,6
C10005,12,265,0,184,5
C10006,20,412,3,87,2
C10007,34,349,0,38,4
C10008,313,93,0,3,2
C10009,14,287,1,277,5
C10010,14,409,2,241,4
C10011,11,603,1,106,5
C10012,6,303,5,98,4
C10013,159,477,0,24,12
C10014,13,586,3,208,6
C10015,1119,17,0,12,14
C10016,41,233,1,158,7
C10017,23,357,0,361,8
C10018,139,222,0,8,3
C10019,8,384,2,227,6
C10020,11,479,1,175,3
C10021,33,528,1,99,4
C10022,20,307,0,26,4
C10023,12,485,1,100,0
C10024,18,269,4,296,6
C10025,91,89,0,8,4
C10026,54,361,1,28,6
C10027,283,258,1,14,9
C10028,8,592,0,126,5
C10029,11,461,0,74,1
C10030,12,525,0,46,2
C10031,34,388,0,40,2
C10032,11,440,3,141,3
C10033,7,377,0,51,2
C10034,168,220,1,7,2
C10035,0,397,9,287,9
C10036,69,84,0,7,0
C11001,42,153,220,250,11
C11002,61,7,1,14,2
C11003,31,264,24,220,16
C11004,6,207,276,122,4
C11005,62,292,171,227,11
C11006,48,109,116,361,29
C11007,200,84,197,315,33
C11008,6,225,228,141,3
C11009,6,172,233,170,4
C11010,5,69,405,128,4
C11011,23,160,198,240,12
C11012,20,175,37,760,12
C11013,13,205,27,600,13
C11014,4,20,256,88,3
C11015,11,64,122,90,1
C11016,0,66,269,136,4
C11017,26,267,132,278,9
C11018,0,85,308,175,5
C11019,13,423,98,263,14
C11020,7,83,212,167,3
C11021,8,237,111,543,17
C11022,9,177,289,352,15
C11023,3,101,135,180,6
C11024,4,219,125,522,16
C11025,20,224,88,323,19
C11026,6,198,168,454,7
C11027,1,32,184,37,1
C11028,32,101,34,180,4
C11029,7,208,149,384,13
C11030,2,9,303,24,1
C11031,4,160,134,333,3
C11032,1,44,74,224,2
C11033,57,65,134,262,22
C11034,47,20,88,84,6
C11035,61,15,97,72,0
C11036,7,16,202,58,4
C11037,18,4,194,8,1
C11038,15,199,6,70,4
C12001,2,507,26,106,11
C12002,9,398,62,44,1
C12003,11,437,94,178,6
C12004,8,448,62,118,3
C12005,9,240,204,102,4
C12006,16,399,88,70,4
C12007,31,473,3,30,6
C12008,6,389,140,116,9
C12009,9,278,129,86,5
C12010,18,595,2,16,6
C12011,5,510,53,22,3
C12012,10,482,27,38,4
C12013,4,489,45,59,2
C12014,11,493,0,8,2
C12015,31,474,0,7,2
C12016,4,528,0,5,1
C12017,8,477,72,58,1
C12018,7,482,0,16,0
C12019,9,450,52,72,4
C12020,5,580,17,61,2
C12021,28,464,47,67,6
C12022,12,534,0,13,1
C12023,4,430,66,103,2
C13001,1,257,5,227,5
C13002,0,178,3,342,1
C13003,1,344,5,51,1
C13004,4,178,11,382,5
C13005,4,548,2,110,2
C13006,0,180,4,374,0
C13007,5,340,3,122,0
C13008,1,201,0,207,6
C13009,11,413,1,88,0
C13010,2,98,3,367,6
C13011,6,230,8,368,4
C13012,7,323,8,142,7
C13013,4,397,1,181,3
C13014,9,362,5,142,2
C13015,6,671,9,189,3
C13016,8,350,0,65,2
C13017,12,248,0,231,5
C13018,0,152,0,264,3
C13019,71,556,10,45,2
C13020,0,106,1,222,2
C13021,2,155,4,457,5
C13022,1,199,4,361,1
C13023,7,348,0,77,0
C13024,3,373,3,124,2
C13025,21,360,4,182,10
C13026,7,336,4,260,10
C13027,4,237,1,282,3
C13028,8,371,2,72,4
C13029,0,323,0,120,1
C13030,10,367,0,40,1
C13031,2,188,3,366,8
C13032,0,148,4,346,0
C13033,0,182,1,303,2
C13034,6,599,5,91,2
C13035,2,414,0,81,1
C13036,9,245,5,60,1
C13037,67,410,4,152,11
C13038,0,170,0,285,0
C13039,1,438,3,122,2
C13040,4,321,0,133,2
C13041,21,506,4,49,0
C13042,0,132,4,401,2
C13043,7,356,9,234,8
C13044,18,709,6,96,2
C13045,11,343,1,311,6
C13046,7,540,8,92,7
C13047,20,498,3,62,1
C13048,0,140,2,332,1
C14001,1,194,4,444,5
C14002,3,575,19,166,2
C14003,6,566,4,32,1
C14004,0,152,0,321,0
C14005,51,698,1,27,1
C14006,1,275,0,11,0
C14007,2,481,3,102,3
C14008,6,449,1,125,3
C14009,1,289,3,337,5
C14010,3,329,26,35,1
C14011,4,333,1,12,0
C14012,4,371,11,142,4
C14013,8,366,15,81,1
C14014,11,500,0,26,1
C14015,11,575,3,28,1
C14016,2,331,56,44,0
C14017,5,487,4,28,0
C14018,4,132,4,75,0
C14019,6,506,0,34,1
C14020,4,326,9,39,2
C14021,4,501,1,32,0
C14022,11,288,5,308,2
C14023,0,214,5,219,2
C14024,0,227,2,411,5
C14025,1,322,4,26,1
C14026,1,361,0,17,0
C14027,9,374,10,120,3
C14028,1,297,1,73,2
C14029,18,440,2,21,1
C14030,1,267,0,15,0
C14031,3,282,14,21,0
C15001,5,525,3,18,2
C15002,371,4,0,0,3
C15003,357,32,0,1,7
C15004,5,507,5,36,0
C15005,21,474,5,21,3
C15006,2,509,2,55,2
C15007,462,8,0,2,9
C15008,4,493,3,32,0
C15009,13,627,11,43,3
C15010,7,598,29,63,2
C15011,19,547,17,53,2
C15012,3,579,11,57,4
C15013,17,464,1,21,2
C15014,25,414,1,13,2
C15015,33,463,2,15,2
C15016,67,474,2,20,2
C15017,430,15,0,3,4
C15018,440,11,0,1,4
C15019,86,374,1,30,1
C15020,380,8,0,2,3
C15021,399,28,0,1,1
C15022,473,1,0,1,5
C15023,451,30,0,2,3
C15024,409,2,0,0,5
C16001,17,510,1,27,3
C16002,390,135,0,1,4
C16003,409,24,0,0,5
C16004,397,24,0,8,13
C16005,411,10,1,0,8
C16006,466,23,0,3,3
C16007,286,169,0,7,3
C16008,229,127,0,2,2
C16009,516,10,0,0,8
C16010,453,15,0,4,3
C16011,267,190,0,8,2
C16012,307,90,0,3,3
C16013,118,323,2,9,1
C16014,407,5,0,3,1
C16015,515,15,1,1,1
C16016,506,6,0,1,0
C16017,147,294,4,9,5
C16018,343,151,0,11,2
C16019,385,89,0,9,2
C16020,413,12,0,1,7
C16021,381,16,4,5,5
C16022,367,56,1,4,4
C16023,71,374,0,10,0
C16024,323,16,0,0,2
C16025,528,5,0,0,4
C16026,436,1,0,2,4
C16027,446,5,0,0,1
C16028,504,3,1,1,10
C16029,464,5,0,2,5
C16030,416,5,0,0,6
C16031,530,8,0,0,8
C16032,82,388,0,19,3
C16033,490,6,0,1,5
C16034,472,5,0,1,6
C16035,148,305,0,13,5
C16036,373,2,0,0,8
C17001,113,379,3,32,3
C17002,530,2,0,0,0
C17003,522,29,0,16,1
C17004,742,2,2,0,5
C17005,495,12,0,2,7
C17006,388,104,1,14,5
C17007,175,268,0,16,3
C17008,484,66,0,13,8
C17009,569,6,1,5,8
C17010,617,15,0,1,1
C17011,487,15,0,1,7
C17012,233,362,2,43,5
C17013,486,1,0,5,8
C17014,205,326,2,38,4
C17015,615,4,0,3,9
C17016,230,224,1,28,6
C17017,435,60,6,17,8
C17018,649,0,0,0,1
C17019,360,2,0,1,5
C17020,729,6,0,2,8
C17021,750,3,5,1,16
C17022,515,4,0,2,3
C17023,379,5,0,0,4
C17024,699,4,0,3,9
C17025,364,37,1,40,5
C17026,662,16,0,2,10
C17027,571,8,3,1,0
C17028,503,3,0,0,3
C17029,570,10,0,1,8
C17030,88,327,1,42,0
C17031,379,5,0,1,4
C17032,481,6,0,0,6
C17033,387,11,0,3,4
C17034,441,6,0,0,1
C17035,494,3,0,1,2
C17036,641,22,2,3,2
C17037,494,16,0,0,7
C17038,625,3,0,0,5
C17039,549,13,0,8,6
C17040,597,2,0,4,6
C17041,669,4,0,0,4
C18001,275,191,0,36,8
C18002,86,356,4,58,6
C18003,100,204,2,184,6
C18004,596,19,6,29,5
C18005,405,16,0,1,4
C18006,105,154,6,197,5
C18007,342,175,1,89,6
C18008,544,30,0,61,5
C18009,460,45,5,94,12
C18010,736,33,6,46,4
C18011,149,261,1,82,0
C18012,524,35,4,20,5
C18013,501,88,4,61,12
C18014,561,31,2,28,16
C18015,209,339,11,103,11
C18016,551,32,0,21,7
C18017,231,289,1,63,3
C18018,553,11,0,21,4
C18019,627,3,0,0,3
C18020,534,9,1,0,1
C18021,637,79,1,56,10
C18022,725,37,1,12,10
C18023,365,141,1,27,7
C18024,24,327,4,150,6
C18025,29,311,7,166,1
C18026,726,13,0,45,12
C18027,327,106,2,30,1
C18028,42,188,2,276,11
C18029,237,240,7,73,5
C18030,21,380,9,151,5
C18031,382,221,0,19,5
C18032,621,10,3,1,18
C18033,492,22,0,5,9
C18034,688,39,4,82,11
C18035,632,41,0,51,9
C18036,173,190,6,202,5
C18037,567,54,0,57,9
C18038,586,5,0,5,8
C18039,276,130,1,24,7
C18040,149,379,16,138,2
C18041,633,36,1,27,5
C18042,314,139,1,36,2
C18043,34,285,2,130,9
C18044,40,257,5,186,5
C18045,91,388,3,37,1
C18046,44,416,2,130,3
C18047,327,68,4,23,4
C18048,444,21,1,17,9
C18049,333,68,0,15,0
C18050,392,47,7,19,3
C19001,16,30,0,523,2
C19002,505,42,5,331,23
C19003,0,20,1,386,1
C19004,13,37,2,582,1
C19005,252,41,1,446,18
C19006,16,40,4,510,1
C19007,56,30,3,487,7
C19008,9,49,3,527,5
C19009,90,50,10,287,7
C19010,223,42,6,486,19
C19011,3,37,2,476,1
C19012,12,39,3,402,5
C19013,703,10,0,81,31
C19014,269,26,4,414,9
C19015,18,69,10,598,11
C19016,7,49,4,518,3
C19017,6,29,2,488,5
C19018,117,27,1,461,4
C19019,165,25,7,606,14
C19020,388,41,1,148,11
C19021,15,40,7,482,8
C19022,160,36,8,440,10
C19023,19,25,4,553,4
C19024,2,25,1,408,0
C19025,121,29,4,440,15
C19026,71,41,1,502,1
C19027,349,37,7,274,26
C19028,662,19,1,87,20
C19029,3,61,2,448,6
C19030,3,33,2,442,3
C19031,108,20,0,438,11
C19032,25,39,2,480,3
C19033,1,28,2,510,5
C19034,73,10,4,520,11
C19035,122,30,5,401,9
C19036,549,29,2,231,30
C19037,274,35,7,335,7
C19038,386,24,6,208,9
C19039,68,36,4,124,4
C19040,185,38,6,449,16
C19041,3,23,2,471,7
C19042,263,17,7,236,15
C19043,810,23,11,57,13
C19044,0,29,1,575,6
C19045,33,48,3,492,11
C19046,11,24,2,587,2
C19047,541,140,3,306,23
C19048,745,11,1,27,16
C19049,660,43,3,156,18
C19050,103,18,1,355,4
C19051,17,27,2,669,6
C19052,10,53,1,507,4
C19053,76,41,1,435,6
C19054,3,32,2,365,2
C19055,19,36,2,402,2
C19056,229,31,0,443,9
C19057,188,38,4,337,12
C20001,506,4,0,5,10
C20002,248,24,0,3,2
C20003,472,6,1,1,4
C20004,159,80,18,5,4
C20005,581,6,0,7,7
C20006,294,8,0,3,2
C20007,535,3,0,3,10
C20008,577,6,0,1,4
C20009,661,18,4,24,14
C20010,460,2,0,0,3
C20011,714,5,0,3,11
C20012,378,3,0,1,2
C20013,638,7,0,1,12
C20014,375,5,2,4,3
C20015,46,439,3,20,3
C20016,461,18,45,116,19
C20017,166,154,0,9,6
C20018,459,8,0,0,2
C20019,607,4,0,9,14
C20020,64,317,0,16,1
C20021,405,51,0,6,5
C20022,655,24,11,45,27
C20023,629,1,0,1,7
C20024,443,16,25,64,11
C20025,459,25,0,3,6
C20026,476,16,29,92,17
C20027,372,4,0,5,6
C20028,404,8,0,0,7
C20029,666,11,12,5,5
C20030,298,4,0,2,0
C20031,665,6,0,4,8
C20032,566,23,0,4,8
C20033,348,4,0,3,3
C20034,304,58,113,307,29
C20035,503,2,1,2,3
C20036,200,1,0,0,9
C20037,219,1,0,0,1
C20038,201,22,9,13,4
C20039,91,1,0,0,0
C21001,646,15,0,2,22
C21002,463,4,0,0,5
C21003,642,7,0,0,11
C21004,629,6,0,1,5
C21005,696,9,0,2,14
C21006,552,6,0,3,1
C21007,689,1,1,0,4
C21008,629,1,0,0,8
C21009,713,0,0,2,4
C21010,583,7,0,0,3
C21011,620,7,0,4,5
C21012,604,1,0,0,4
C21013,532,3,0,0,5
C21014,755,2,0,2,4
C21015,538,3,0,0,12
C21016,591,4,1,2,7
C21017,548,9,0,3,6
C21018,690,3,0,1,13
C21019,643,5,0,0,8
C21020,566,9,0,0,10
C21021,528,9,0,4,9
C21022,607,2,0,1,1
C21023,559,6,1,3,7
C21024,599,3,0,0,6
C21025,569,11,0,0,15
C21026,583,3,0,2,6
C21027,619,11,0,1,7
C21028,739,7,0,2,2
C21029,655,4,0,0,7
C21030,499,4,0,0,3
C21031,458,0,0,0,1
C21032,588,8,0,0,1
C21033,619,6,0,0,2
C21034,597,2,0,2,7
C21035,647,4,0,0,11
C21036,658,6,0,0,6
C21037,528,0,0,4,0
C21038,577,3,0,0,3
C21039,472,10,0,0,3
C21040,514,3,0,3,7
C21041,624,3,1,11,5
C21042,665,6,0,3,11
C21043,665,5,0,1,7
C21044,582,13,0,4,1
C21045,589,7,0,1,2
C21046,654,2,0,2,11
C21047,565,1,0,0,5
C21048,585,3,0,3,4
C21049,675,3,0,1,1
C21050,540,7,0,1,3
C21051,634,5,0,1,5
C21052,637,2,0,0,14
C21053,473,6,0,2,5
C21054,549,1,0,0,0
C22001,341,45,0,2,1
C22002,4,346,7,251,0
C22003,0,742,0,13,1
C22004,2,475,1,7,1
C22005,5,563,0,11,1
C22006,2,560,0,11,0
C22007,1,399,0,10,1
C22008,45,422,17,177,1
C22009,0,480,0,7,1
C22010,0,734,0,24,2
C22011,1,457,0,7,1
C22012,68,375,21,60,5
C22013,3,559,1,15,2
C22014,64,392,0,18,0
C22015,1,436,2,7,1
C22016,0,506,0,15,0
C22017,10,555,0,9,0
C22018,10,488,0,10,1
C22019,228,32,0,6,0
C22020,1,523,0,10,0
C22021,628,63,0,3,9
C22022,13,471,0,6,6
C22023,679,100,0,3,4
C22024,0,676,0,11,2
C22025,2,576,0,4,1
C23001,13,129,3,484,1
C23002,8,162,7,345,4
C23003,0,154,1,381,2
C23004,0,244,2,405,7
C23005,16,456,3,64,1
C23006,11,488,7,148,2
C23007,4,424,1,56,0
C23008,12,336,4,300,2
C23009,24,405,7,46,1
C23010,5,498,6,128,4
C23011,8,561,0,68,0
C23012,0,153,3,420,2
C23013,2,402,0,26,0
C23014,1,133,9,338,6
C23015,32,400,2,31,3
C23016,3,155,0,381,8
C23017,45,318,0,26,1
C23018,15,155,3,310,7
C23019,36,408,0,30,2
C23020,4,336,0,25,0
C23021,1,149,0,422,8
C23022,0,186,2,369,4
C23023,1,157,4,395,3
C23024,2,375,6,72,0
C23025,9,332,1,129,1
C23026,12,404,7,160,2
C23027,7,219,31,292,6
C23028,3,247,18,304,6
C23029,1,217,3,242,6
C23030,21,512,6,80,3
C23031,39,374,1,43,2
C23032,37,494,0,60,5
C23033,1,500,4,47,2
C23034,10,471,0,36,2
C23035,2,120,3,262,2
C23036,2,155,3,403,15
C23037,0,127,2,385,2
C23038,7,167,0,318,1
C23039,1,455,4,58,0
C24001,460,30,0,4,5
C24002,537,8,0,0,1
C24003,484,33,0,4,6
C24004,483,10,0,1,6
C24005,324,9,0,0,3
C24006,521,17,0,13,5
C24007,63,203,4,17,2
C24008,308,8,0,0,2
C24009,515,12,0,11,4
C24010,271,12,1,1,2
C24011,577,27,0,3,7
C24012,352,9,0,1,5
C24013,315,5,0,2,1
C24014,486,14,0,11,7
C24015,326,4,0,0,1
C24016,355,134,1,73,1
C24017,434,12,0,5,2
C24018,593,4,0,2,4
C24019,615,6,1,1,3
C24020,452,2,0,0,0
C24021,286,4,0,2,1
C24022,684,8,0,7,7
C24023,454,12,0,17,3
C24024,654,12,1,1,8
C24025,482,15,0,4,3
C24026,714,23,0,5,11
C24027,513,29,1,29,1
C24028,405,14,0,4,4
C24029,345,45,0,6,8
C24030,295,2,0,0,1
C24031,575,15,0,5,1
C24032,314,4,0,0,1
C24033,285,9,0,1,4
C24034,468,3,1,5,6
C24035,500,15,1,4,11
C24036,634,17,0,9,5
C24037,320,5,0,0,4
C24038,387,23,6,21,5
C24039,333,260,0,21,8
C24040,503,19,6,9,1
C24041,397,6,1,10,2
C25001,5,528,7,63,4
C25002,28,558,8,93,9
C25003,36,34,66,427,21
C25004,344,41,50,120,12
C25005,24,512,7,109,9
C25006,1,2,225,5,2
C25007,10,566,5,90,3
C25008,16,641,0,63,5
C25009,53,602,4,74,3
C25010,51,38,56,404,7
C25011,10,647,4,75,2
C25012,16,500,6,96,5
C25013,5,678,2,54,1
C25014,15,29,368,38,8
C25015,10,590,3,59,2
C25016,15,28,69,392,6
C25017,99,488,18,145,10
C25018,37,17,463,27,6
C25019,15,670,5,74,10
C25020,490,15,5,25,8
C25021,91,50,171,423,22
C25022,13,605,5,58,5
C25023,28,646,11,96,7
C25024,20,606,8,85,10
C25025,22,64,187,295,11
C25026,10,614,3,68,4
C25027,67,51,100,298,14
C25028,22,626,7,81,9
C25029,457,40,11,85,12
C25030,9,587,4,69,9
C25031,24,30,83,398,14
C25032,5,405,97,77,7
C26001,22,158,5,291,3
C26002,130,277,0,32,1
C26003,10,87,6,371,6
C26004,106,260,0,11,0
C26005,101,267,0,67,3
C26006,25,377,1,34,4
C26007,46,240,4,107,5
C26008,9,215,1,18,6
C26009,47,347,3,25,3
C26010,117,263,8,75,5
C26011,12,408,2,34,5
C26012,76,316,4,84,11
C26013,29,284,4,10,1
C26014,15,312,0,13,3
C26015,31,211,0,16,0
C26016,26,241,2,6,2
C26017,3,64,4,287,5
C26018,22,354,2,20,2
C26019,103,198,0,4,5
C26020,87,199,13,149,12
C26021,171,305,1,98,5
C26022,19,267,1,5,1
C26023,15,270,0,19,7
C26024,54,346,5,32,3
C26025,62,278,3,74,5
C26026,84,149,3,71,6
C26027,98,286,19,110,8
C26028,9,185,10,300,15
C26029,45,194,2,23,2
C26030,87,214,6,59,4
C26031,21,208,1,11,3
C26032,13,169,15,261,10
C26033,72,209,7,170,7
C26034,66,283,7,183,11
C26035,65,299,5,100,3
C26036,17,129,8,267,6
C26037,52,389,3,69,4
C26038,32,221,0,5,1
C26039,13,188,10,242,3
C26040,28,215,1,21,1
C26041,135,340,3,52,9
C26042,39,261,3,67,5
C26043,15,251,0,8,0
C26044,27,252,0,4,0
C26045,36,163,2,8,1
C26046,7,56,6,203,3
C26047,16,278,2,9,2
C26048,69,155,20,185,14
C26049,12,258,4,8,0
C27001,16,27,40,338,15
C27002,296,25,24,250,13
C27003,305,50,1,4,3
C27004,246,34,1,31,9
C27005,274,119,0,10,8
C27006,272,12,28,114,6
C27007,43,243,21,358,12
C27008,439,26,1,14,5
C27009,56,12,16,127,6
C27010,407,42,86,121,25
C27011,52,23,30,279,10
C27012,6,14,17,253,5
C27013,521,71,8,209,15
C27014,314,14,0,7,1
C27015,361,23,0,1,1
C27016,64,19,24,289,7
C27017,475,33,11,43,7
C27018,442,17,2,21,6
C27019,307,73,0,8,3
C27020,479,11,0,1,4
C27021,50,21,39,282,8
C27022,302,59,0,6,0
C27023,445,19,0,6,3
C27024,246,179,0,9,0
C27025,308,33,20,99,15
C27026,440,26,3,32,9
C27027,433,50,18,101,10
C27028,93,24,41,109,8
C27029,308,124,0,7,5
C27030,306,18,0,12,4
C27031,363,76,0,17,4
C27032,333,40,23,55,9
C27033,180,26,24,221,13
C27034,527,29,0,8,8
C27035,32,48,25,329,14
C27036,268,43,10,84,9
C27037,303,39,28,239,12
C27038,223,51,79,438,22
C27039,373,31,4,38,12
C27040,146,137,17,298,14
C27041,524,25,10,23,10
C27042,107,17,15,189,5
C27043,404,27,13,36,7
C27044,456,24,1,4,6
C27045,46,28,70,437,30
C27046,10,12,20,255,11
C27047,388,14,1,79,6
C27048,486,50,28,120,11
C27049,381,12,1,6,4
C27050,489,23,1,5,4
C28001,458,4,1,0,3
C28002,418,20,2,22,10
C28003,410,12,0,7,5
C28004,29,24,129,161,10
C28005,271,16,0,44,1
C28006,86,36,19,155,7
C28007,505,12,0,3,10
C28008,16,23,40,206,9
C28009,512,1,0,4,5
C28010,274,35,61,190,19
C28011,377,223,70,161,18
C28012,536,11,0,0,7
C28013,517,13,0,7,7
C28014,505,7,0,2,2
C28015,203,2,0,0,0
C28016,336,0,0,0,3
C28017,434,8,0,4,3
C28018,314,18,52,32,4
C28019,80,149,83,130,18
C28020,472,20,2,20,6
C28021,424,12,0,0,1
C28022,405,13,0,16,2
C28023,590,14,0,1,7
C28024,436,10,0,6,5
C28025,624,11,2,16,8
C28026,540,7,0,2,7
C28027,26,38,135,271,13
C28028,19,64,91,352,13
C28029,191,26,4,15,2
C28030,82,7,0,4,0
C28031,683,8,0,28,1
C28032,477,13,0,15,4
C28033,550,23,0,0,10
C28034,654,162,5,29,8
C28035,572,16,0,11,7
C28036,337,4,0,1,3
C28037,655,16,0,10,13
C28038,243,41,0,2,1
C28039,399,1,0,1,2
C28040,644,5,0,0,4
C28041,373,11,0,3,3
C28042,548,10,0,3,1
C28043,668,10,0,1,6
C28044,366,3,0,3,2
C28045,81,38,24,203,9
C28046,134,201,198,243,17
C29001,203,189,22,317,14
C29002,928,12,0,3,7
C29003,715,5,0,4,10
C29004,618,90,2,6,4
C29005,528,28,0,5,3
C29006,473,65,1,8,5
C29007,382,97,18,94,6
C29008,461,14,0,4,7
C29009,148,175,12,359,10
C29010,292,124,32,355,11
C29011,366,2,0,3,3
C29012,610,97,2,30,6
C29013,622,26,1,24,12
C29014,665,3,0,4,6
C29015,631,91,0,19,6
C29016,694,4,0,0,7
C29017,528,82,1,4,7
C29018,539,19,6,62,8
C29019,548,26,9,66,17
C29020,717,24,4,68,16
C29021,768,12,0,3,4
C29022,309,115,20,79,6
C29023,69,192,19,295,16
C29024,481,90,0,9,2
C29025,640,41,11,17,8
C29026,556,26,3,60,11
C29027,522,32,0,3,5
C29028,789,8,0,2,16
C29029,5,144,17,307,5
C29030,227,232,20,266,7
C29031,5,104,11,328,6
C29032,0,97,11,338,6
C29033,505,14,0,16,7
C29034,169,142,26,51,3
C29035,450,20,0,7,7
C29036,482,68,0,4,12
C29037,519,33,6,32,11
C29038,23,235,9,229,4
C29039,7,215,13,235,5
C29040,676,34,2,21,14
C29041,521,39,0,4,6
C29042,680,5,0,5,12
C29043,329,209,27,174,15
C29044,726,34,1,41,14
C30001,15,329,17,182,8
C30002,11,313,13,199,5
C30003,13,234,15,133,6
C30004,6,254,11,210,3
C30005,8,320,5,49,3
C30006,29,327,4,78,1
C30007,5,348,14,167,10
C30008,12,337,19,210,8
C30009,4,210,19,201,6
C30010,13,440,12,97,4
C30011,11,406,4,37,3
C30012,7,321,17,96,5
C30013,7,275,34,109,5
C30014,5,299,6,40,2
C30015,11,147,26,324,18
C30016,3,183,13,50,6
C30017,5,216,26,258,6
C30018,10,417,7,119,7
C30019,8,439,1,56,5
C30020,7,330,16,171,11
C30021,4,185,24,189,6
C30022,7,485,12,143,6
C30023,17,324,18,170,6
C30024,6,336,8,206,6
C30025,20,341,12,250,7
C30026,1,213,16,63,5
C30027,7,160,9,128,2
C30028,15,290,17,220,9
C30029,11,235,5,49,4
C30030,4,178,8,28,2
C30031,4,191,39,108,4
C30032,11,172,41,162,5
C31001,7,335,2,29,2
C31002,12,291,3,48,1
C31003,2,251,12,106,1
C31004,24,367,4,109,4
C31005,13,267,24,84,6
C31006,6,273,7,73,5
C31007,17,354,6,116,10
C31008,8,185,8,58,3
C31009,3,326,10,65,3
C31010,7,279,5,56,1
C31011,8,195,8,91,5
C31012,4,209,11,92,3
C31013,13,342,5,44,3
C31014,3,188,8,124,4
C31015,4,200,3,98,1
C31016,8,389,3,106,7
C31017,10,263,7,78,2
C31018,9,316,5,39,3
C31019,3,223,17,82,0
C31020,10,282,4,49,5
C31021,6,332,5,36,3
C31022,12,299,1,20,2
C31023,3,255,5,72,3
C31024,10,365,9,53,1
C31025,2,219,2,100,1
C31026,5,340,11,69,4
C31027,4,314,12,50,3
C31028,9,275,0,47,4
C31029,16,386,8,54,3
C31030,4,222,5,34,2
C31031,3,216,2,173,2
C31032,12,256,3,52,1
C31033,4,190,7,136,2
C31034,7,209,8,121,6
C31035,4,343,2,70,2
C31036,5,285,13,99,3
C31037,7,286,4,47,4
C31038,8,356,0,26,3
C31039,18,335,5,45,3
C31040,27,317,8,55,4
C31041,9,328,5,17,4
C32001,22,232,30,279,14
C32002,15,48,37,389,11
C32003,32,285,20,425,18
C32004,6,61,28,448,5
C32005,7,88,22,447,12
C32006,7,38,34,412,12
C32007,10,34,21,440,7
C32008,8,27,15,457,7
C32009,30,147,20,359,9
C32010,11,48,18,399,15
C32011,55,187,19,410,17
C32012,43,268,12,262,7
C32013,10,60,31,389,13
C32014,28,159,38,410,17
C32015,9,48,14,423,10
C32016,22,97,20,435,8
C32017,21,250,21,400,22
C32018,6,47,18,348,9
C32019,13,100,18,394,7
C32020,40,393,27,276,13
C32021,7,61,30,505,10
C32022,71,342,17,414,12
C32023,4,35,20,460,6
C32024,4,13,25,240,9
C32025,4,70,15,385,10
C32026,12,192,25,453,16
C32027,7,47,36,376,10
C32028,34,252,25,359,13
C32029,6,142,24,479,15
C32030,5,23,25,328,10
C32031,14,80,26,417,13
C32032,12,93,32,391,8
C32033,11,63,31,416,7
C32034,10,76,16,424,10
C32035,6,71,24,370,15
C32036,6,47,40,454,14
C32037,13,79,30,347,8
C32038,21,89,25,331,10
C32039,3,19,22,399,8
C32040,9,57,29,487,15
C32041,5,76,17,401,8
C32042,11,62,21,396,12
C32043,19,223,13,366,8
C33001,19,525,63,125,10
C33002,37,435,153,238,25
C33003,35,500,84,216,17
C33004,14,493,38,242,19
C33005,20,304,22,206,13
C33006,10,415,55,166,16
C33007,35,394,155,155,18
C33008,23,291,73,604,23
C33009,18,337,46,310,21
C33010,11,233,66,364,12
C33011,21,390,61,266,19
C33012,15,385,58,258,22
C33013,6,517,23,173,10
C33014,10,246,2,73,4
C33015,36,536,86,184,16
C33016,25,539,88,331,23
C33017,25,437,65,256,15
C33018,85,397,109,237,21
C33019,24,360,25,266,14
C33020,15,494,77,228,18
C33021,13,412,38,251,20
C33022,37,397,86,266,21
C33023,33,315,38,350,24
C33024,18,116,47,846,19
C33025,39,346,55,363,26
C33026,22,303,22,203,10
C33027,29,344,79,174,24
C33028,16,417,12,187,10
C34001,699,9,0,0,10
C34002,537,6,0,6,8
C34003,635,14,0,0,4
C34004,508,0,0,1,7
C34005,535,5,0,0,4
C34006,712,6,0,4,7
C34007,693,1,0,0,2
C34008,499,6,0,1,11
C34009,489,7,0,1,8
C34010,623,2,0,3,8
C34011,515,2,0,1,7
C34012,675,7,0,5,9
C34013,621,17,1,7,9
C34014,493,9,0,1,9
C34015,474,14,0,1,5
C34016,488,4,0,1,7
C34017,753,9,0,3,3
C34018,496,4,0,1,4
C34019,652,16,1,8,8
C34020,739,15,0,2,8
C34021,777,7,0,1,10
C34022,612,2,0,1,3
C34023,498,7,0,2,1
C34024,545,10,0,1,19
C34025,697,13,0,2,5
C34026,664,5,0,2,5
C34027,515,10,1,8,3
C34028,433,6,0,0,7
C34029,497,4,0,2,2
C34030,633,2,0,2,0
C34031,495,5,0,2,7
C34032,590,2,6,0,6
C34033,507,8,0,1,3
C34034,676,6,0,0,6
C34035,666,2,0,1,3
C34036,576,4,2,4,6
C34037,390,12,0,2,2
C34038,360,5,0,1,3
C34039,488,2,0,0,0
C34040,663,5,0,4,4
C34041,438,4,0,5,2
C34042,606,12,0,3,9
C34043,586,12,0,0,9
C34044,612,13,0,9,4
C34045,650,4,0,6,9
C34046,419,7,2,1,0
C34047,563,2,0,6,7
C34048,698,2,0,0,1
C34049,724,11,0,14,9
C34050,506,8,1,2,9
C34051,512,141,0,13,16
C34052,517,4,0,0,3
C34053,414,0,0,4,3
C35001,23,402,26,131,9
C35002,32,362,7,292,8
C35003,53,440,6,76,4
C35004,8,379,38,169,12
C35005,48,369,10,109,11
C35006,9,396,9,104,5
C35007,50,415,11,158,9
C35008,26,430,8,139,5
C35009,39,335,82,153,18
C35010,53,306,20,440,25
C35011,14,506,13,109,7
C35012,17,379,0,14,3
C35013,20,387,1,12,1
C35014,14,449,0,39,3
C35015,22,481,11,176,11
C35016,5,399,1,16,1
C35017,61,339,18,193,8
C35018,3,499,4,20,4
C35019,13,356,2,19,1
C35020,31,313,47,87,10
C35021,13,468,2,69,4
C35022,45,385,44,145,15
C35023,24,368,42,170,11
C35024,13,386,25,111,11
C35025,50,300,24,320,20
C35026,13,296,20,156,9
C35027,14,372,37,103,12
C35028,14,386,10,160,6
C35029,15,338,81,60,14
C35030,24,342,126,73,20
C35031,19,353,40,207,18
C36001,14,364,21,130,9
C36002,34,427,10,25,1
C36003,43,340,10,88,5
C36004,52,421,29,36,2
C36005,63,450,6,35,2
C36006,20,394,6,27,5
C36007,3,138,21,459,14
C36008,13,389,2,25,1
C36009,26,398,3,25,2
C36010,17,308,32,170,5
C36011,5,350,0,29,1
C36012,20,322,0,20,2
C36013,16,336,1,17,2
C36014,3,228,23,263,9
C36015,2,199,15,355,11
C36016,4,240,24,244,6
C36017,6,210,33,324,6
C36018,1,193,21,284,6
C36019,11,385,15,181,7
C36020,2,220,30,245,7
C36021,21,417,2,37,2
C36022,15,359,2,14,4
C36023,17,410,10,21,5
C36024,2,224,20,258,4
C36025,10,462,0,22,0
C36026,4,122,15,269,4
C36027,10,267,10,178,8
C36028,5,159,14,285,4
C36029,2,264,23,309,3
C36030,5,189,30,289,6
C37001,463,8,0,14,2
C37002,158,193,0,5,1
C37003,373,56,0,4,4
C37004,321,159,1,14,2
C37005,596,28,0,10,4
C37006,538,55,3,6,2
C37007,241,179,1,8,1
C37008,254,150,1,5,1
C37009,572,10,4,8,6
C37010,349,258,8,27,2
C37011,415,4,0,4,6
C37012,189,229,1,12,10
C37013,348,71,0,2,3
C37014,432,113,9,11,3
C37015,597,28,0,2,9
C37016,389,205,3,13,12
C37017,485,14,0,5,8
C37018,558,26,0,1,1
C37019,274,166,0,6,3
C37020,406,43,0,7,5
C37021,255,224,0,12,4
C37022,250,258,1,11,3
C37023,583,31,0,1,7
C37024,456,103,2,7,3
C37025,532,30,0,5,4
C37026,529,169,15,17,8
C37027,519,18,0,1,1
C37028,320,130,3,11,6
C37029,550,51,0,5,5
C37030,537,18,0,13,5
C37031,527,98,6,2,10
C37032,496,33,3,2,3
C37033,579,29,0,0,3
C37034,531,26,0,0,5
C37035,575,35,0,6,6
C37036,507,25,3,4,5
C37037,582,23,3,13,3
C37038,631,38,0,1,2
C37039,529,27,0,0,0
C37040,599,41,2,2,2
C37041,466,102,2,10,6
C38001,6,190,24,260,11
C38002,0,30,17,581,0
C38003,2,115,26,377,5
C38004,3,113,28,414,5
C38005,5,133,19,382,5
C38006,5,106,31,366,5
C38007,2,74,15,447,3
C38008,12,145,11,318,5
C38009,1,121,13,468,5
C38010,1,137,34,285,8
C38011,2,130,17,320,10
C38012,3,32,6,487,4
C38013,4,106,25,447,5
C38014,1,130,40,373,9
C38015,5,165,21,313,10
C38016,0,145,16,366,4
C38017,0,123,16,462,9
C38018,1,91,43,396,5
C38019,18,76,30,405,6
C38020,2,77,12,433,6
C38021,9,147,25,268,5
C38022,1,115,13,371,10
C38023,5,209,15,367,10
C38024,1,70,29,511,12
C38025,4,99,18,306,8
C38026,5,99,45,379,5
C38027,1,133,5,409,6
C38028,5,92,16,507,9
C38029,4,106,9,413,4
C38030,0,99,8,426,4
C38031,5,168,10,380,11
C38032,2,127,28,327,4
C38033,9,177,25,280,8
C38034,12,177,28,311,9
C38035,6,264,12,303,10
C38036,3,129,38,304,8
C38037,2,188,29,340,14
C38038,0,128,26,331,4
C38039,4,203,20,381,10
C38040,4,167,32,334,4
C38041,5,144,9,380,10
C39001,0,72,38,434,12
C39002,0,32,199,397,8
C39003,10,149,41,401,10
C39004,3,52,38,429,20
C39005,6,164,139,284,22
C39006,9,268,48,235,17
C39007,15,173,97,239,13
C39008,8,280,155,231,28
C39009,7,158,90,291,40
C39010,12,148,45,104,7
C39011,6,197,124,228,9
C39012,25,302,173,190,36
C39013,25,108,165,194,16
C39014,10,145,56,229,23
C39015,4,50,123,443,18
C39016,22,102,155,133,23
C39017,5,172,51,417,18
C39018,5,105,120,351,22
C39019,8,159,59,348,9
C39020,6,85,25,521,14
C39021,2,83,21,346,13
C39022,20,123,136,153,14
C39023,3,59,20,503,13
C39024,5,83,72,558,17
C39025,56,81,48,257,18
C39026,0,45,140,357,16
C39027,0,12,2,105,1
C39028,28,260,44,392,17
C39029,22,87,85,91,9
C39030,49,174,153,312,35
C39031,16,290,62,133,17
C39032,5,37,170,255,19
C39033,22,96,97,362,20
C39034,38,153,63,356,21
C39035,24,127,152,276,32
C39036,2,18,40,134,21
C39037,13,53,50,497,21
C39038,3,37,69,249,3
C39039,3,107,35,209,11
C39040,8,62,98,307,15
C39041,4,74,64,492,18
C39042,4,46,62,513,15
C39043,0,48,45,484,21
C39044,1,35,32,411,3
C39045,2,57,26,468,15
C40001,18,101,122,246,10
C40002,36,132,113,241,11
C40003,13,152,54,471,26
C40004,24,93,122,117,8
C40005,24,150,93,336,15
C40006,23,172,31,489,19
C40007,3,152,43,477,9
C40008,42,173,48,530,21
C40009,76,88,131,183,11
C40010,71,147,179,182,20
C40011,16,168,73,368,20
C40012,10,92,25,298,17
C40013,41,159,41,631,22
C40014,25,94,114,240,19
C40015,33,133,108,238,23
C40016,16,164,54,513,27
C40017,40,102,126,272,12
C40018,83,108,116,164,17
C40019,69,218,140,317,20
C40020,64,143,80,272,16
C40021,23,206,58,454,17
C40022,26,223,71,255,19
C40023,48,205,79,443,20
C40024,23,78,154,208,14
C40025,29,168,56,482,23
C40026,27,151,71,449,19
C40027,96,302,95,348,21
C40028,141,260,37,297,16
C40029,16,95,137,355,20
C40030,6,58,131,421,11
C40031,36,187,68,407,18
C40032,27,190,44,412,22
C40033,19,123,76,446,14
C40034,11,79,129,295,22
C40035,40,62,106,214,12
C40036,59,153,41,315,10
C40037,81,264,98,187,15
C40038,14,109,47,584,20
C40039,30,68,25,50,1
C41001,3,55,22,477,8
C41002,0,39,9,567,10
C41003,2,98,36,420,7
C41004,3,41,5,619,4
C41005,1,57,7,548,7
C41006,4,28,14,685,2
C41007,1,35,14,631,7
C41008,0,42,12,516,6
C41009,3,56,102,443,14
C41010,1,24,10,638,1
C41011,0,47,24,572,7
C41012,8,81,48,442,9
C41013,0,62,23,536,8
C41014,0,52,23,633,9
C41015,1,73,24,606,20
C41016,1,64,22,440,11
C41017,1,38,11,504,10
C41018,0,58,12,472,9
C41019,3,34,51,613,10
C41020,2,61,28,388,2
C41021,2,79,4,495,7
C41022,2,60,10,543,8
C41023,3,41,17,477,10
C41024,1,72,31,410,7
C41025,7,37,19,256,7
C41026,1,73,12,526,13
C41027,8,50,15,321,4
C41028,29,47,79,328,13
C41029,12,31,33,260,7
C41030,1,64,20,504,8
C41031,0,44,15,619,3
C41032,3,39,20,409,7
C41033,4,59,40,438,8
C41034,0,42,30,402,15
C41035,1,87,21,552,10
C41036,2,58,34,453,4
C41037,4,58,28,542,5
C41038,0,78,32,412,5
C41039,15,50,36,531,10
C41040,0,38,27,580,7
C41041,4,62,25,489,5
C41042,2,23,14,546,1
C41043,0,71,42,491,4
C41044,0,56,18,562,6
C41045,2,53,31,437,9
C41046,3,78,21,578,7
C41047,3,45,47,492,19
C42001,7,25,18,546,8
C42002,23,33,119,290,14
C42003,42,28,137,303,20
C42004,71,45,144,495,23
C42005,9,10,30,277,6
C42006,65,41,126,473,25
C42007,15,24,131,426,16
C42008,44,33,88,404,13
C42009,35,49,126,347,15
C42010,25,37,104,370,15
C42011,27,17,52,309,9
C42012,20,17,32,332,9
C42013,60,28,76,481,9
C42014,15,20,52,327,9
C42015,10,15,34,265,5
C42016,13,30,114,349,15
C42017,11,15,27,443,7
C42018,19,22,60,339,8
C42019,20,28,39,497,11
C42020,9,16,62,290,10
C42021,16,22,84,281,8
C42022,8,14,43,199,7
C42023,10,15,62,323,8
C42024,18,25,36,441,6
C42025,26,26,105,347,11
C42026,16,27,119,376,12
C42027,32,32,50,365,10
C42028,96,32,193,387,10
C42029,21,30,102,282,12
C42030,11,18,77,380,15
C42031,27,34,78,367,8
C42032,17,64,45,268,11
C42033,58,40,77,425,15
C42034,12,17,35,423,10
C42035,28,40,164,501,22
C42036,32,36,95,442,17
C42037,5,17,32,237,6
C42038,6,17,50,337,8
C42039,41,28,51,290,13
C42040,36,53,116,320,17
C42041,35,30,150,242,14
C42042,54,45,141,370,23
C43001,53,12,12,244,12
C43002,3,19,26,482,9
C43003,6,17,24,516,12
C43004,7,17,25,486,11
C43005,7,12,15,401,7
C43006,3,16,12,302,11
C43007,29,26,15,348,7
C43008,30,25,25,375,12
C43009,45,29,28,545,18
C43010,12,24,14,531,10
C43011,2,12,8,376,6
C43012,6,13,23,309,9
C43013,20,38,46,489,11
C43014,8,24,18,519,12
C43015,12,31,29,472,16
C43016,9,30,32,462,12
C43017,6,12,15,376,5
C43018,5,20,12,530,10
C43019,5,28,20,561,7
C43020,10,30,42,582,13
C43021,21,24,41,504,13
C43022,17,18,18,275,7
C43023,12,10,12,272,4
C43024,45,22,19,307,7
C43025,6,15,45,462,6
C43026,4,14,30,376,16
C43027,12,33,27,477,11
C43028,32,41,51,551,10
C43029,4,28,23,462,13
C43030,19,34,33,569,8
C43031,42,63,24,491,12
C43032,20,21,48,543,15
C43033,8,22,19,555,8
C43034,7,17,29,399,9
C43035,12,20,24,586,8
C43036,7,15,21,204,4
C43037,19,32,60,469,14
C43038,8,12,17,445,6
C43039,34,41,24,460,14
C43040,8,23,32,320,8
C43041,27,52,38,599,16
C43042,12,25,33,405,13
C43043,8,21,23,576,6
C43044,9,25,40,471,8
C43045,31,19,19,303,13
C43046,4,11,11,244,5
C44001,38,69,63,792,23
C44002,5,34,19,476,11
C44003,14,34,32,446,11
C44004,13,41,43,596,11
C44005,40,42,64,461,13
C44006,11,40,37,583,16
C44007,6,11,46,429,9
C44008,21,38,68,565,17
C44009,10,29,13,375,8
C44010,11,26,18,431,11
C44011,5,31,26,479,5
C44012,23,41,50,535,13
C44013,5,17,14,364,4
C44014,16,40,57,359,8
C44015,22,40,36,464,13
C44016,7,46,23,537,9
C44017,23,64,62,659,19
C44018,35,34,27,421,13
C44019,21,55,69,611,15
C44020,8,36,39,426,11
C44021,18,41,35,561,25
C44022,14,48,46,603,10
C44023,21,26,52,393,11
C44024,10,29,48,458,17
C44025,8,36,26,465,7
C44026,18,48,31,538,17
C44027,9,41,21,531,10
C44028,60,66,63,479,17
C44029,12,32,25,492,10
C44030,5,31,15,534,10
C44031,18,36,13,461,10
C44032,14,45,23,553,15
C44033,17,41,32,564,15
C44034,21,52,63,512,12
C44035,26,39,53,650,16
C44036,12,36,28,504,8
C44037,22,48,44,573,16
C44038,8,27,25,446,11
C44039,9,29,31,418,9
C44040,11,26,24,504,9
C44041,45,47,58,547,18
C45001,10,172,25,291,5
C45002,19,231,28,241,15
C45003,26,151,27,343,11
C45004,21,209,16,488,17
C45005,35,112,25,455,15
C45006,31,135,29,550,19
C45007,15,214,61,523,25
C45008,20,266,38,259,12
C45009,6,301,23,273,11
C45010,12,274,24,312,13
C45011,14,136,19,283,13
C45012,13,216,25,299,13
C45013,7,227,22,340,10
C45014,13,235,47,443,23
C45015,8,232,20,561,30
C45016,8,118,25,360,21
C45017,2,94,36,486,7
C45018,1,162,28,410,6
C45019,7,35,29,248,6
C45020,4,91,29,254,4
C45021,3,110,35,397,7
C45022,6,118,38,369,11
C45023,1,104,37,417,6
C45024,7,83,45,334,17
C45025,8,76,31,277,3
C45026,0,54,32,226,4
C45027,0,69,55,388,7
C45028,4,112,23,325,7
C45029,3,46,22,280,6
C45030,6,162,145,204,11
C45031,5,142,51,265,24
C45032,5,165,74,241,15
C45033,1,91,86,211,6
C45034,6,177,70,367,18
C45035,12,139,76,415,16
C45036,8,105,51,472,10
C45037,10,131,75,318,13
C45038,3,125,49,304,6
C45039,5,85,45,400,14
C45040,3,105,33,429,7
C45041,6,111,40,401,12
C45042,1,106,23,475,8
C45043,5,71,35,472,13
C45044,2,61,34,457,5
C45045,3,71,17,294,4
C45046,5,56,33,284,5
C45047,0,64,43,321,4
C45048,0,38,27,337,4
C46001,202,89,19,244,19
C46002,171,113,26,295,21
C46003,51,46,46,638,15
C46004,119,111,101,329,12
C46005,18,46,25,549,10
C46006,186,117,125,197,12
C46007,74,67,56,643,19
C46008,215,89,84,150,16
C46009,63,66,39,511,17
C46010,19,52,22,676,19
C46011,89,62,36,405,15
C46012,157,81,31,407,27
C46013,56,42,43,488,16
C46014,439,72,101,137,28
C46015,45,37,34,489,15
C46016,85,158,40,418,21
C46017,66,69,109,490,22
C46018,33,45,83,482,15
C46019,19,32,61,360,6
C46020,220,60,32,289,23
C46021,121,42,125,153,8
C46022,163,51,60,254,13
C46023,216,79,20,226,22
C46024,33,41,54,570,16
C46025,209,86,38,295,20
C46026,110,121,26,350,23
C46027,54,140,30,496,13
C46028,39,60,41,584,15
C46029,124,43,57,321,17
C46030,163,132,35,335,15
C46031,35,44,41,487,13
C46032,231,156,156,185,19
C46033,16,46,31,653,16
C46034,70,125,22,460,12
C46035,206,71,55,460,14
C46036,17,51,46,507,13
C46037,168,52,102,143,11
C46038,195,75,29,268,14
C46039,24,34,66,488,11
C46040,203,44,41,317,14
C47001,3,31,14,297,5
C47002,4,46,43,632,21
C47003,18,128,74,546,11
C47004,4,51,23,599,12
C47005,54,123,42,485,24
C47006,8,62,33,553,11
C47007,13,84,39,431,12
C47008,14,88,26,514,17
C47009,7,51,11,427,15
C47010,34,136,55,559,21
C47011,25,50,23,435,11
C47012,12,98,24,568,17
C47013,12,127,38,499,15
C47014,20,76,58,451,12
C47015,54,107,127,537,21
C47016,8,107,38,537,18
C47017,9,116,38,442,17
C47018,24,93,22,494,16
C47019,18,128,159,500,26
C47020,8,111,45,501,18
C47021,24,119,40,451,8
C47022,9,88,25,637,27
C47023,23,94,111,503,19
C47024,9,66,17,480,15
C47025,32,128,25,482,22
C47026,18,152,45,562,19
C47027,6,59,24,476,8
C47028,11,137,28,521,19
C47029,13,72,21,557,12
C47030,46,222,70,427,13
C47031,26,173,41,404,24
C47032,22,140,42,576,20
C47033,8,59,24,469,8
C47034,41,109,40,587,20
C47035,13,59,22,515,21
C47036,22,136,47,583,17
C47037,16,84,39,571,12
C47038,10,99,51,487,25
C47039,17,72,31,567,13
C47040,33,66,43,565,19
C47041,33,124,30,565,20
C47042,8,101,44,484,23
C47043,3,65,25,464,10
C47044,16,62,67,454,13
C47045,13,85,23,571,14
C47046,12,93,28,460,17
C47047,12,55,18,601,20
C47048,16,20,2,59,3
C48001,65,122,47,331,17
C48002,0,27,42,255,10
C48003,177,131,61,354,22
C48004,82,130,77,354,14
C48005,10,11,19,395,8
C48006,175,146,93,319,22
C48007,20,109,75,428,20
C48008,25,23,51,261,0
C48009,38,37,116,259,15
C48010,18,79,118,657,35
C48011,6,33,57,484,18
C48012,147,117,38,462,24
C48013,90,70,105,575,19
C48014,0,29,0,385,0
C48015,80,31,72,226,9
C48016,211,120,60,250,19
C48017,111,59,111,377,26
C48018,183,57,80,254,21
C48019,70,67,31,302,11
C48020,70,164,54,480,22
C48021,217,204,142,228,29
C48022,82,71,101,383,13
C48023,93,72,374,237,23
C48024,114,51,71,401,20
C48025,32,57,24,527,22
C48026,40,27,31,237,10
C48027,104,68,125,449,21
C48028,135,60,134,401,24
C48029,17,6,26,379,8
C48030,36,55,66,435,20
C48031,282,141,110,319,27
C48032,182,91,50,305,28
C48033,35,36,49,323,6
C48034,57,63,23,457,13
C48035,148,50,123,175,15
C48036,43,32,75,313,13
C48037,51,183,61,353,17
C48038,44,84,104,512,30
C48039,58,42,87,366,18
C48040,46,115,30,393,23
C48041,214,165,70,290,22
C48042,86,218,52,390,12
C48043,188,70,143,285,24
C48044,27,247,62,438,23
C48045,70,94,52,297,13
C48046,40,24,113,284,10
C49001,309,51,9,87,21
C49002,107,65,34,250,15
C49003,127,374,46,209,14
C49004,139,387,48,267,28
C49005,205,187,41,265,24
C49006,182,70,32,309,24
C49007,64,70,81,460,26
C49008,128,170,72,168,17
C49009,155,64,69,393,28
C49010,115,318,36,202,15
C49011,231,248,64,262,28
C49012,182,101,69,528,32
C49013,180,320,27,277,23
C49014,171,70,55,310,31
C49015,193,129,38,134,27
C49016,202,133,15,379,21
C49017,46,45,103,333,16
C49018,195,145,33,504,30
C49019,179,275,12,115,26
C49020,218,349,43,369,32
C49021,156,87,58,110,18
C49022,275,150,49,247,27
C49023,243,237,43,305,18
C49024,304,98,32,136,34
C49025,232,97,75,499,38
C49026,198,117,47,409,31
C49027,306,92,103,252,33
C49028,147,371,63,278,23
C49029,186,82,76,473,47
C49030,236,78,29,386,24
C49031,232,97,13,210,23
C49032,355,131,24,225,29
C49033,164,219,32,179,26
C50001,22,30,65,329,5
C50002,32,57,72,148,3
C50003,43,75,91,255,8
C50004,96,69,151,213,19
C50005,13,26,38,272,6
C50006,82,127,63,306,13
C50007,94,165,64,368,17
C50008,147,121,93,151,12
C50009,44,104,90,193,12
C50010,20,49,121,217,23
C50011,4,14,11,226,4
C50012,3,9,15,218,2
C50013,94,153,156,134,25
C50014,1,3,14,151,0
C50015,52,101,69,434,23
C50016,3,2,7,169,1
C50017,29,56,117,177,16
C50018,0,6,2,104,0
C50019,19,105,138,70,15
C50020,44,169,132,220,12
C50021,44,86,83,214,14
C50022,18,55,67,213,20
C50023,12,58,81,167,7
C50024,3,16,69,257,8
C50025,5,34,108,235,8
C50026,47,99,147,186,25
C50027,1,4,18,139,2
C50028,123,100,154,168,15
C50029,43,99,183,76,18
C50030,34,114,143,97,16
C50031,115,198,121,124,23
C50032,107,118,164,132,25
C50033,6,49,15,269,3
C50034,31,161,67,394,14
C50035,155,136,92,251,19
C50036,42,110,115,248,16
C50037,65,150,74,244,15
C50038,2,9,19,263,2
C50039,18,35,98,155,11
C50040,9,30,57,329,9